dataset_id,sample_id,tool,sender_ct,receiver_ct,ligand,receptor
Dataset_A,Dataset_A_S01,Method_A,Endothelial,Tumor,PDL1,PDCD1
Dataset_A,Dataset_A_S01,Method_A,Tcell,Fibroblast,PDL1,PDCD1
Dataset_A,Dataset_A_S01,Method_A,Endothelial,Tcell,IFNG,IFNGR1
Dataset_A,Dataset_A_S01,Method_A,Endothelial,Tumor,VEGFA,KDR
Dataset_A,Dataset_A_S01,Method_A,Fibroblast,Bcell,CXCL12,CXCR4
Dataset_A,Dataset_A_S01,Method_A,Myeloid,Endothelial,CXCL12,CXCR4
Dataset_A,Dataset_A_S01,Method_A,Tumor,Myeloid,CXCL12,CXCR4
Dataset_A,Dataset_A_S01,Method_A,Myeloid,Tumor,IFNG,IFNGR1
Dataset_A,Dataset_A_S01,Method_A,Tcell,Endothelial,VEGFA,KDR
Dataset_A,Dataset_A_S01,Method_A,Endothelial,Fibroblast,TGFB1,TGFBR2
Dataset_A,Dataset_A_S01,Method_A,Myeloid,Tumor,VEGFA,KDR
Dataset_A,Dataset_A_S01,Method_A,Fibroblast,Tumor,CSF1,CSF1R
Dataset_A,Dataset_A_S01,Method_A,Tcell,Bcell,VEGFA,KDR
Dataset_A,Dataset_A_S01,Method_A,Myeloid,Endothelial,ANGPT1,TEK
Dataset_A,Dataset_A_S01,Method_A,Tumor,Fibroblast,CCL2,CCR2
Dataset_A,Dataset_A_S01,Method_A,Tcell,Endothelial,CSF1,CSF1R
Dataset_A,Dataset_A_S01,Method_A,Tcell,Bcell,CCL2,CCR2
Dataset_A,Dataset_A_S01,Method_A,Tumor,Endothelial,IL10,IL10RA
Dataset_A,Dataset_A_S01,Method_A,Bcell,Tumor,TGFB1,TGFBR2
Dataset_A,Dataset_A_S01,Method_A,Bcell,Fibroblast,VEGFA,KDR
Dataset_A,Dataset_A_S01,Method_A,Tumor,Fibroblast,VEGFA,KDR
Dataset_A,Dataset_A_S01,Method_A,Bcell,Endothelial,ANGPT1,TEK
Dataset_A,Dataset_A_S01,Method_A,Myeloid,Endothelial,IL10,IL10RA
Dataset_A,Dataset_A_S01,Method_A,Tumor,Tcell,VEGFA,KDR
Dataset_A,Dataset_A_S01,Method_A,Bcell,Fibroblast,IFNG,IFNGR1
Dataset_A,Dataset_A_S01,Method_A,Myeloid,Bcell,IL10,IL10RA
Dataset_A,Dataset_A_S01,Method_A,Bcell,Myeloid,CCL2,CCR2
Dataset_A,Dataset_A_S01,Method_A,Myeloid,Tcell,CCL2,CCR2
Dataset_A,Dataset_A_S01,Method_A,Bcell,Myeloid,IFNG,IFNGR1
Dataset_A,Dataset_A_S01,Method_A,Tcell,Tumor,IL10,IL10RA
Dataset_A,Dataset_A_S01,Method_A,Tumor,Bcell,IL10,IL10RA
Dataset_A,Dataset_A_S01,Method_A,Bcell,Myeloid,IL10,IL10RA
Dataset_A,Dataset_A_S01,Method_A,Myeloid,Fibroblast,TGFB1,TGFBR2
Dataset_A,Dataset_A_S01,Method_A,Bcell,Myeloid,TGFB1,TGFBR2
Dataset_A,Dataset_A_S01,Method_A,Fibroblast,Myeloid,TNF,TNFRSF1A
Dataset_A,Dataset_A_S01,Method_A,Bcell,Tcell,CXCL12,CXCR4
Dataset_A,Dataset_A_S01,Method_A,Endothelial,Tcell,CCL2,CCR2
Dataset_A,Dataset_A_S01,Method_A,Bcell,Fibroblast,CSF1,CSF1R
Dataset_A,Dataset_A_S01,Method_A,Tcell,Tumor,CSF1,CSF1R
Dataset_A,Dataset_A_S01,Method_B,Tumor,Tcell,IL10,IL10RA
Dataset_A,Dataset_A_S01,Method_B,Endothelial,Fibroblast,CSF1,CSF1R
Dataset_A,Dataset_A_S01,Method_B,Myeloid,Endothelial,IL10,IL10RA
Dataset_A,Dataset_A_S01,Method_B,Tumor,Tcell,VEGFA,KDR
Dataset_A,Dataset_A_S01,Method_B,Myeloid,Tcell,IL10,IL10RA
Dataset_A,Dataset_A_S01,Method_B,Bcell,Fibroblast,IFNG,IFNGR1
Dataset_A,Dataset_A_S01,Method_B,Tumor,Bcell,CSF1,CSF1R
Dataset_A,Dataset_A_S01,Method_B,Tumor,Myeloid,TGFB1,TGFBR2
Dataset_A,Dataset_A_S01,Method_B,Myeloid,Bcell,IL10,IL10RA
Dataset_A,Dataset_A_S01,Method_B,Endothelial,Bcell,IL10,IL10RA
Dataset_A,Dataset_A_S01,Method_B,Fibroblast,Bcell,IL10,IL10RA
Dataset_A,Dataset_A_S01,Method_B,Myeloid,Fibroblast,IL10,IL10RA
Dataset_A,Dataset_A_S01,Method_B,Endothelial,Fibroblast,IL10,IL10RA
Dataset_A,Dataset_A_S01,Method_B,Tumor,Bcell,IL10,IL10RA
Dataset_A,Dataset_A_S01,Method_B,Bcell,Myeloid,IL10,IL10RA
Dataset_A,Dataset_A_S01,Method_B,Fibroblast,Myeloid,VEGFA,KDR
Dataset_A,Dataset_A_S01,Method_B,Bcell,Myeloid,VEGFA,KDR
Dataset_A,Dataset_A_S01,Method_B,Tcell,Fibroblast,ANGPT1,TEK
Dataset_A,Dataset_A_S01,Method_B,Fibroblast,Tumor,CSF1,CSF1R
Dataset_A,Dataset_A_S01,Method_B,Tcell,Bcell,VEGFA,KDR
Dataset_A,Dataset_A_S01,Method_B,Myeloid,Endothelial,ANGPT1,TEK
Dataset_A,Dataset_A_S01,Method_B,Bcell,Endothelial,CCL2,CCR2
Dataset_A,Dataset_A_S01,Method_B,Tumor,Fibroblast,CCL2,CCR2
Dataset_A,Dataset_A_S01,Method_B,Fibroblast,Myeloid,TNF,TNFRSF1A
Dataset_A,Dataset_A_S01,Method_B,Tcell,Endothelial,CSF1,CSF1R
Dataset_A,Dataset_A_S01,Method_B,Bcell,Tcell,CXCL12,CXCR4
Dataset_A,Dataset_A_S01,Method_B,Tcell,Bcell,CCL2,CCR2
Dataset_A,Dataset_A_S01,Method_B,Endothelial,Tcell,TGFB1,TGFBR2
Dataset_A,Dataset_A_S01,Method_B,Tumor,Endothelial,IL10,IL10RA
Dataset_A,Dataset_A_S01,Method_B,Endothelial,Tcell,PDL1,PDCD1
Dataset_A,Dataset_A_S01,Method_B,Bcell,Tumor,TGFB1,TGFBR2
Dataset_A,Dataset_A_S01,Method_B,Endothelial,Myeloid,PDL1,PDCD1
Dataset_A,Dataset_A_S01,Method_B,Tumor,Fibroblast,VEGFA,KDR
Dataset_A,Dataset_A_S01,Method_C,Tumor,Tcell,IL10,IL10RA
Dataset_A,Dataset_A_S01,Method_C,Tcell,Endothelial,PDL1,PDCD1
Dataset_A,Dataset_A_S01,Method_C,Tumor,Tcell,VEGFA,KDR
Dataset_A,Dataset_A_S01,Method_C,Myeloid,Endothelial,ANGPT1,TEK
Dataset_A,Dataset_A_S01,Method_C,Bcell,Fibroblast,IFNG,IFNGR1
Dataset_A,Dataset_A_S01,Method_C,Tcell,Endothelial,TNF,TNFRSF1A
Dataset_A,Dataset_A_S01,Method_C,Myeloid,Endothelial,CXCL12,CXCR4
Dataset_A,Dataset_A_S01,Method_C,Tcell,Endothelial,CSF1,CSF1R
Dataset_A,Dataset_A_S01,Method_C,Bcell,Fibroblast,CSF1,CSF1R
Dataset_A,Dataset_A_S01,Method_C,Bcell,Myeloid,IL10,IL10RA
Dataset_A,Dataset_A_S01,Method_C,Tumor,Bcell,IL10,IL10RA
Dataset_A,Dataset_A_S01,Method_C,Endothelial,Myeloid,PDL1,PDCD1
Dataset_A,Dataset_A_S01,Method_C,Fibroblast,Myeloid,VEGFA,KDR
Dataset_A,Dataset_A_S01,Method_C,Tcell,Tumor,CSF1,CSF1R
Dataset_A,Dataset_A_S01,Method_C,Bcell,Myeloid,VEGFA,KDR
Dataset_A,Dataset_A_S01,Method_D,Tcell,Fibroblast,PDL1,PDCD1
Dataset_A,Dataset_A_S01,Method_D,Tcell,Endothelial,PDL1,PDCD1
Dataset_A,Dataset_A_S01,Method_D,Myeloid,Tumor,TGFB1,TGFBR2
Dataset_A,Dataset_A_S01,Method_D,Fibroblast,Bcell,CXCL12,CXCR4
Dataset_A,Dataset_A_S01,Method_D,Endothelial,Bcell,IFNG,IFNGR1
Dataset_A,Dataset_A_S01,Method_D,Endothelial,Bcell,TGFB1,TGFBR2
Dataset_A,Dataset_A_S01,Method_D,Myeloid,Tumor,IFNG,IFNGR1
Dataset_A,Dataset_A_S01,Method_D,Tcell,Myeloid,CXCL12,CXCR4
Dataset_A,Dataset_A_S01,Method_D,Tumor,Endothelial,TNF,TNFRSF1A
Dataset_A,Dataset_A_S01,Method_D,Endothelial,Fibroblast,TGFB1,TGFBR2
Dataset_A,Dataset_A_S01,Method_D,Fibroblast,Myeloid,VEGFA,KDR
Dataset_A,Dataset_A_S01,Method_D,Bcell,Myeloid,TNF,TNFRSF1A
Dataset_A,Dataset_A_S01,Method_D,Myeloid,Tumor,VEGFA,KDR
Dataset_A,Dataset_A_S01,Method_D,Fibroblast,Tumor,CSF1,CSF1R
Dataset_A,Dataset_A_S01,Method_D,Myeloid,Endothelial,ANGPT1,TEK
Dataset_A,Dataset_A_S01,Method_D,Fibroblast,Endothelial,PDL1,PDCD1
Dataset_A,Dataset_A_S01,Method_D,Tumor,Fibroblast,CCL2,CCR2
Dataset_A,Dataset_A_S01,Method_D,Tcell,Endothelial,CSF1,CSF1R
Dataset_A,Dataset_A_S01,Method_D,Tumor,Tcell,ANGPT1,TEK
Dataset_A,Dataset_A_S01,Method_D,Tcell,Bcell,CCL2,CCR2
Dataset_A,Dataset_A_S01,Method_D,Bcell,Tcell,IFNG,IFNGR1
Dataset_A,Dataset_A_S01,Method_D,Tumor,Endothelial,IL10,IL10RA
Dataset_A,Dataset_A_S01,Method_D,Bcell,Tumor,TGFB1,TGFBR2
Dataset_A,Dataset_A_S01,Method_D,Tumor,Fibroblast,VEGFA,KDR
Dataset_A,Dataset_A_S01,Method_D,Endothelial,Myeloid,CXCL12,CXCR4
Dataset_A,Dataset_A_S01,Method_D,Endothelial,Fibroblast,CSF1,CSF1R
Dataset_A,Dataset_A_S01,Method_D,Tumor,Endothelial,VEGFA,KDR
Dataset_A,Dataset_A_S01,Method_D,Myeloid,Tcell,IL10,IL10RA
Dataset_A,Dataset_A_S01,Method_D,Tumor,Tcell,VEGFA,KDR
Dataset_A,Dataset_A_S01,Method_D,Bcell,Fibroblast,IFNG,IFNGR1
Dataset_A,Dataset_A_S01,Method_D,Bcell,Myeloid,PDL1,PDCD1
Dataset_A,Dataset_A_S01,Method_D,Myeloid,Bcell,IL10,IL10RA
Dataset_A,Dataset_A_S01,Method_D,Tcell,Myeloid,IL10,IL10RA
Dataset_A,Dataset_A_S01,Method_D,Myeloid,Tcell,TGFB1,TGFBR2
Dataset_A,Dataset_A_S01,Method_D,Bcell,Endothelial,PDL1,PDCD1
Dataset_A,Dataset_A_S01,Method_D,Myeloid,Fibroblast,IFNG,IFNGR1
Dataset_A,Dataset_A_S01,Method_D,Tcell,Myeloid,VEGFA,KDR
Dataset_A,Dataset_A_S01,Method_D,Tumor,Bcell,IL10,IL10RA
Dataset_A,Dataset_A_S01,Method_D,Bcell,Myeloid,IL10,IL10RA
Dataset_A,Dataset_A_S01,Method_D,Bcell,Endothelial,IL10,IL10RA
Dataset_A,Dataset_A_S01,Method_D,Bcell,Myeloid,VEGFA,KDR
Dataset_A,Dataset_A_S01,Method_D,Tcell,Fibroblast,ANGPT1,TEK
Dataset_A,Dataset_A_S01,Method_D,Bcell,Myeloid,TGFB1,TGFBR2
Dataset_A,Dataset_A_S01,Method_D,Endothelial,Tumor,ANGPT1,TEK
Dataset_A,Dataset_A_S01,Method_D,Tcell,Endothelial,CXCL12,CXCR4
Dataset_A,Dataset_A_S01,Method_D,Tumor,Bcell,CCL2,CCR2
Dataset_A,Dataset_A_S01,Method_D,Bcell,Endothelial,VEGFA,KDR
Dataset_A,Dataset_A_S01,Method_D,Bcell,Endothelial,CCL2,CCR2
Dataset_A,Dataset_A_S01,Method_D,Tcell,Tumor,PDL1,PDCD1
Dataset_A,Dataset_A_S01,Method_D,Fibroblast,Myeloid,TNF,TNFRSF1A
Dataset_A,Dataset_A_S01,Method_D,Endothelial,Tcell,CCL2,CCR2
Dataset_A,Dataset_A_S01,Method_D,Bcell,Tcell,CXCL12,CXCR4
Dataset_A,Dataset_A_S01,Method_D,Bcell,Fibroblast,CSF1,CSF1R
Dataset_A,Dataset_A_S01,Method_D,Endothelial,Myeloid,PDL1,PDCD1
Dataset_A,Dataset_A_S01,Method_D,Tcell,Fibroblast,CCL2,CCR2
Dataset_A,Dataset_A_S01,Method_D,Tcell,Tumor,CSF1,CSF1R
Dataset_A,Dataset_A_S02,Method_A,Endothelial,Tcell,IL10,IL10RA
Dataset_A,Dataset_A_S02,Method_A,Fibroblast,Tcell,VEGFA,KDR
Dataset_A,Dataset_A_S02,Method_A,Tcell,Bcell,ANGPT1,TEK
Dataset_A,Dataset_A_S02,Method_A,Myeloid,Tumor,IL10,IL10RA
Dataset_A,Dataset_A_S02,Method_A,Fibroblast,Bcell,TNF,TNFRSF1A
Dataset_A,Dataset_A_S02,Method_A,Tumor,Tcell,TNF,TNFRSF1A
Dataset_A,Dataset_A_S02,Method_A,Fibroblast,Myeloid,TGFB1,TGFBR2
Dataset_A,Dataset_A_S02,Method_A,Tcell,Bcell,VEGFA,KDR
Dataset_A,Dataset_A_S02,Method_A,Tcell,Bcell,TGFB1,TGFBR2
Dataset_A,Dataset_A_S02,Method_A,Myeloid,Tcell,ANGPT1,TEK
Dataset_A,Dataset_A_S02,Method_A,Tcell,Fibroblast,CSF1,CSF1R
Dataset_A,Dataset_A_S02,Method_A,Fibroblast,Endothelial,CCL2,CCR2
Dataset_A,Dataset_A_S02,Method_A,Bcell,Tcell,CCL2,CCR2
Dataset_A,Dataset_A_S02,Method_A,Myeloid,Tumor,CSF1,CSF1R
Dataset_A,Dataset_A_S02,Method_A,Bcell,Tumor,IFNG,IFNGR1
Dataset_A,Dataset_A_S02,Method_A,Tumor,Fibroblast,IL10,IL10RA
Dataset_A,Dataset_A_S02,Method_A,Endothelial,Bcell,CSF1,CSF1R
Dataset_A,Dataset_A_S02,Method_A,Fibroblast,Tcell,CXCL12,CXCR4
Dataset_A,Dataset_A_S02,Method_A,Myeloid,Tcell,IL10,IL10RA
Dataset_A,Dataset_A_S02,Method_A,Fibroblast,Myeloid,CSF1,CSF1R
Dataset_A,Dataset_A_S02,Method_A,Myeloid,Endothelial,PDL1,PDCD1
Dataset_A,Dataset_A_S02,Method_A,Bcell,Myeloid,CCL2,CCR2
Dataset_A,Dataset_A_S02,Method_A,Tcell,Myeloid,IL10,IL10RA
Dataset_A,Dataset_A_S02,Method_A,Bcell,Fibroblast,CCL2,CCR2
Dataset_A,Dataset_A_S02,Method_A,Tcell,Myeloid,TGFB1,TGFBR2
Dataset_A,Dataset_A_S02,Method_A,Myeloid,Bcell,CCL2,CCR2
Dataset_A,Dataset_A_S02,Method_A,Bcell,Myeloid,IL10,IL10RA
Dataset_A,Dataset_A_S02,Method_A,Myeloid,Bcell,VEGFA,KDR
Dataset_A,Dataset_A_S02,Method_A,Endothelial,Tumor,CXCL12,CXCR4
Dataset_A,Dataset_A_S02,Method_A,Endothelial,Myeloid,ANGPT1,TEK
Dataset_A,Dataset_A_S02,Method_A,Bcell,Endothelial,IFNG,IFNGR1
Dataset_A,Dataset_A_S02,Method_A,Tumor,Bcell,PDL1,PDCD1
Dataset_A,Dataset_A_S02,Method_A,Tcell,Myeloid,IFNG,IFNGR1
Dataset_A,Dataset_A_S02,Method_A,Tcell,Endothelial,CXCL12,CXCR4
Dataset_A,Dataset_A_S02,Method_A,Bcell,Endothelial,TGFB1,TGFBR2
Dataset_A,Dataset_A_S02,Method_A,Endothelial,Tcell,ANGPT1,TEK
Dataset_A,Dataset_A_S02,Method_A,Myeloid,Bcell,PDL1,PDCD1
Dataset_A,Dataset_A_S02,Method_A,Tumor,Tcell,CSF1,CSF1R
Dataset_A,Dataset_A_S02,Method_A,Fibroblast,Tcell,PDL1,PDCD1
Dataset_A,Dataset_A_S02,Method_B,Endothelial,Tcell,IL10,IL10RA
Dataset_A,Dataset_A_S02,Method_B,Endothelial,Myeloid,TNF,TNFRSF1A
Dataset_A,Dataset_A_S02,Method_B,Tcell,Tumor,ANGPT1,TEK
Dataset_A,Dataset_A_S02,Method_B,Fibroblast,Myeloid,CSF1,CSF1R
Dataset_A,Dataset_A_S02,Method_B,Tumor,Fibroblast,IFNG,IFNGR1
Dataset_A,Dataset_A_S02,Method_B,Tcell,Myeloid,IL10,IL10RA
Dataset_A,Dataset_A_S02,Method_B,Fibroblast,Endothelial,CSF1,CSF1R
Dataset_A,Dataset_A_S02,Method_B,Tumor,Myeloid,PDL1,PDCD1
Dataset_A,Dataset_A_S02,Method_B,Tcell,Bcell,ANGPT1,TEK
Dataset_A,Dataset_A_S02,Method_B,Endothelial,Fibroblast,IFNG,IFNGR1
Dataset_A,Dataset_A_S02,Method_B,Myeloid,Bcell,CCL2,CCR2
Dataset_A,Dataset_A_S02,Method_B,Fibroblast,Myeloid,TGFB1,TGFBR2
Dataset_A,Dataset_A_S02,Method_B,Myeloid,Tumor,VEGFA,KDR
Dataset_A,Dataset_A_S02,Method_B,Bcell,Endothelial,IFNG,IFNGR1
Dataset_A,Dataset_A_S02,Method_B,Tumor,Bcell,PDL1,PDCD1
Dataset_A,Dataset_A_S02,Method_B,Myeloid,Endothelial,ANGPT1,TEK
Dataset_A,Dataset_A_S02,Method_B,Endothelial,Tcell,ANGPT1,TEK
Dataset_A,Dataset_A_S02,Method_B,Endothelial,Bcell,ANGPT1,TEK
Dataset_A,Dataset_A_S02,Method_B,Bcell,Tcell,CCL2,CCR2
Dataset_A,Dataset_A_S02,Method_B,Myeloid,Tumor,CSF1,CSF1R
Dataset_A,Dataset_A_S02,Method_B,Tumor,Tcell,ANGPT1,TEK
Dataset_A,Dataset_A_S02,Method_B,Bcell,Tumor,IFNG,IFNGR1
Dataset_A,Dataset_A_S02,Method_B,Tumor,Bcell,VEGFA,KDR
Dataset_A,Dataset_A_S02,Method_B,Tumor,Fibroblast,IL10,IL10RA
Dataset_A,Dataset_A_S02,Method_B,Tumor,Endothelial,IL10,IL10RA
Dataset_A,Dataset_A_S02,Method_B,Tumor,Tcell,CSF1,CSF1R
Dataset_A,Dataset_A_S02,Method_C,Bcell,Endothelial,IFNG,IFNGR1
Dataset_A,Dataset_A_S02,Method_C,Tcell,Myeloid,IFNG,IFNGR1
Dataset_A,Dataset_A_S02,Method_C,Tcell,Myeloid,TGFB1,TGFBR2
Dataset_A,Dataset_A_S02,Method_C,Bcell,Endothelial,TGFB1,TGFBR2
Dataset_A,Dataset_A_S02,Method_C,Endothelial,Tcell,ANGPT1,TEK
Dataset_A,Dataset_A_S02,Method_C,Tumor,Bcell,CSF1,CSF1R
Dataset_A,Dataset_A_S02,Method_C,Fibroblast,Myeloid,CSF1,CSF1R
Dataset_A,Dataset_A_S02,Method_C,Tcell,Fibroblast,CSF1,CSF1R
Dataset_A,Dataset_A_S02,Method_C,Myeloid,Endothelial,ANGPT1,TEK
Dataset_A,Dataset_A_S02,Method_C,Tumor,Bcell,CXCL12,CXCR4
Dataset_A,Dataset_A_S02,Method_C,Tumor,Tcell,ANGPT1,TEK
Dataset_A,Dataset_A_S02,Method_C,Bcell,Tumor,IFNG,IFNGR1
Dataset_A,Dataset_A_S02,Method_C,Tumor,Fibroblast,IL10,IL10RA
Dataset_A,Dataset_A_S02,Method_C,Myeloid,Bcell,VEGFA,KDR
Dataset_A,Dataset_A_S02,Method_C,Tumor,Fibroblast,PDL1,PDCD1
Dataset_A,Dataset_A_S02,Method_D,Endothelial,Tcell,IL10,IL10RA
Dataset_A,Dataset_A_S02,Method_D,Tumor,Fibroblast,CXCL12,CXCR4
Dataset_A,Dataset_A_S02,Method_D,Myeloid,Fibroblast,CSF1,CSF1R
Dataset_A,Dataset_A_S02,Method_D,Fibroblast,Tcell,TGFB1,TGFBR2
Dataset_A,Dataset_A_S02,Method_D,Tumor,Bcell,CSF1,CSF1R
Dataset_A,Dataset_A_S02,Method_D,Endothelial,Bcell,TGFB1,TGFBR2
Dataset_A,Dataset_A_S02,Method_D,Fibroblast,Myeloid,VEGFA,KDR
Dataset_A,Dataset_A_S02,Method_D,Fibroblast,Myeloid,TGFB1,TGFBR2
Dataset_A,Dataset_A_S02,Method_D,Myeloid,Tumor,VEGFA,KDR
Dataset_A,Dataset_A_S02,Method_D,Tcell,Bcell,VEGFA,KDR
Dataset_A,Dataset_A_S02,Method_D,Tumor,Bcell,CXCL12,CXCR4
Dataset_A,Dataset_A_S02,Method_D,Tcell,Fibroblast,CSF1,CSF1R
Dataset_A,Dataset_A_S02,Method_D,Fibroblast,Endothelial,CCL2,CCR2
Dataset_A,Dataset_A_S02,Method_D,Tcell,Myeloid,ANGPT1,TEK
Dataset_A,Dataset_A_S02,Method_D,Bcell,Tcell,CCL2,CCR2
Dataset_A,Dataset_A_S02,Method_D,Tumor,Myeloid,IL10,IL10RA
Dataset_A,Dataset_A_S02,Method_D,Tumor,Tcell,ANGPT1,TEK
Dataset_A,Dataset_A_S02,Method_D,Myeloid,Tumor,CSF1,CSF1R
Dataset_A,Dataset_A_S02,Method_D,Bcell,Tumor,IFNG,IFNGR1
Dataset_A,Dataset_A_S02,Method_D,Myeloid,Fibroblast,CXCL12,CXCR4
Dataset_A,Dataset_A_S02,Method_D,Bcell,Tumor,TGFB1,TGFBR2
Dataset_A,Dataset_A_S02,Method_D,Tumor,Fibroblast,PDL1,PDCD1
Dataset_A,Dataset_A_S02,Method_D,Bcell,Endothelial,CXCL12,CXCR4
Dataset_A,Dataset_A_S02,Method_D,Tumor,Tcell,IL10,IL10RA
Dataset_A,Dataset_A_S02,Method_D,Tcell,Tumor,ANGPT1,TEK
Dataset_A,Dataset_A_S02,Method_D,Myeloid,Tcell,IL10,IL10RA
Dataset_A,Dataset_A_S02,Method_D,Fibroblast,Myeloid,CSF1,CSF1R
Dataset_A,Dataset_A_S02,Method_D,Endothelial,Tcell,TNF,TNFRSF1A
Dataset_A,Dataset_A_S02,Method_D,Tumor,Fibroblast,IFNG,IFNGR1
Dataset_A,Dataset_A_S02,Method_D,Tcell,Myeloid,IL10,IL10RA
Dataset_A,Dataset_A_S02,Method_D,Fibroblast,Endothelial,CSF1,CSF1R
Dataset_A,Dataset_A_S02,Method_D,Bcell,Fibroblast,CCL2,CCR2
Dataset_A,Dataset_A_S02,Method_D,Fibroblast,Tumor,ANGPT1,TEK
Dataset_A,Dataset_A_S02,Method_D,Myeloid,Fibroblast,IFNG,IFNGR1
Dataset_A,Dataset_A_S02,Method_D,Myeloid,Bcell,CCL2,CCR2
Dataset_A,Dataset_A_S02,Method_D,Myeloid,Bcell,VEGFA,KDR
Dataset_A,Dataset_A_S02,Method_D,Endothelial,Tumor,ANGPT1,TEK
Dataset_A,Dataset_A_S02,Method_D,Tumor,Bcell,PDL1,PDCD1
Dataset_A,Dataset_A_S02,Method_D,Tcell,Myeloid,IFNG,IFNGR1
Dataset_A,Dataset_A_S02,Method_D,Tcell,Endothelial,CXCL12,CXCR4
Dataset_A,Dataset_A_S02,Method_D,Endothelial,Tcell,ANGPT1,TEK
Dataset_A,Dataset_A_S02,Method_D,Myeloid,Bcell,PDL1,PDCD1
Dataset_A,Dataset_A_S02,Method_D,Tumor,Bcell,VEGFA,KDR
Dataset_A,Dataset_A_S02,Method_D,Fibroblast,Tumor,CCL2,CCR2
Dataset_A,Dataset_A_S02,Method_D,Fibroblast,Tcell,PDL1,PDCD1
Dataset_A,Dataset_A_S03,Method_A,Endothelial,Fibroblast,CSF1,CSF1R
Dataset_A,Dataset_A_S03,Method_A,Tcell,Fibroblast,PDL1,PDCD1
Dataset_A,Dataset_A_S03,Method_A,Fibroblast,Bcell,VEGFA,KDR
Dataset_A,Dataset_A_S03,Method_A,Fibroblast,Bcell,PDL1,PDCD1
Dataset_A,Dataset_A_S03,Method_A,Myeloid,Tumor,TGFB1,TGFBR2
Dataset_A,Dataset_A_S03,Method_A,Bcell,Tcell,ANGPT1,TEK
Dataset_A,Dataset_A_S03,Method_A,Bcell,Myeloid,PDL1,PDCD1
Dataset_A,Dataset_A_S03,Method_A,Myeloid,Tcell,PDL1,PDCD1
Dataset_A,Dataset_A_S03,Method_A,Bcell,Fibroblast,TNF,TNFRSF1A
Dataset_A,Dataset_A_S03,Method_A,Myeloid,Endothelial,CXCL12,CXCR4
Dataset_A,Dataset_A_S03,Method_A,Tumor,Endothelial,IFNG,IFNGR1
Dataset_A,Dataset_A_S03,Method_A,Myeloid,Tcell,TGFB1,TGFBR2
Dataset_A,Dataset_A_S03,Method_A,Tumor,Fibroblast,TNF,TNFRSF1A
Dataset_A,Dataset_A_S03,Method_A,Myeloid,Tumor,IL10,IL10RA
Dataset_A,Dataset_A_S03,Method_A,Tcell,Tumor,IL10,IL10RA
Dataset_A,Dataset_A_S03,Method_A,Fibroblast,Bcell,TNF,TNFRSF1A
Dataset_A,Dataset_A_S03,Method_A,Tumor,Endothelial,CXCL12,CXCR4
Dataset_A,Dataset_A_S03,Method_A,Tumor,Myeloid,TNF,TNFRSF1A
Dataset_A,Dataset_A_S03,Method_A,Bcell,Fibroblast,VEGFA,KDR
Dataset_A,Dataset_A_S03,Method_A,Bcell,Myeloid,VEGFA,KDR
Dataset_A,Dataset_A_S03,Method_A,Bcell,Endothelial,IFNG,IFNGR1
Dataset_A,Dataset_A_S03,Method_A,Tumor,Fibroblast,CSF1,CSF1R
Dataset_A,Dataset_A_S03,Method_A,Tcell,Bcell,PDL1,PDCD1
Dataset_A,Dataset_A_S03,Method_A,Endothelial,Bcell,TNF,TNFRSF1A
Dataset_A,Dataset_A_S03,Method_A,Myeloid,Endothelial,ANGPT1,TEK
Dataset_A,Dataset_A_S03,Method_A,Tumor,Bcell,CXCL12,CXCR4
Dataset_A,Dataset_A_S03,Method_A,Myeloid,Bcell,TNF,TNFRSF1A
Dataset_A,Dataset_A_S03,Method_A,Bcell,Fibroblast,ANGPT1,TEK
Dataset_A,Dataset_A_S03,Method_A,Myeloid,Bcell,CXCL12,CXCR4
Dataset_A,Dataset_A_S03,Method_A,Endothelial,Myeloid,TGFB1,TGFBR2
Dataset_A,Dataset_A_S03,Method_A,Bcell,Tcell,VEGFA,KDR
Dataset_A,Dataset_A_S03,Method_A,Myeloid,Fibroblast,VEGFA,KDR
Dataset_A,Dataset_A_S03,Method_A,Tcell,Fibroblast,IL10,IL10RA
Dataset_A,Dataset_A_S03,Method_A,Endothelial,Tcell,VEGFA,KDR
Dataset_A,Dataset_A_S03,Method_A,Bcell,Tumor,PDL1,PDCD1
Dataset_A,Dataset_A_S03,Method_A,Tcell,Bcell,TNF,TNFRSF1A
Dataset_A,Dataset_A_S03,Method_A,Endothelial,Myeloid,IFNG,IFNGR1
Dataset_A,Dataset_A_S03,Method_B,Endothelial,Fibroblast,CSF1,CSF1R
Dataset_A,Dataset_A_S03,Method_B,Endothelial,Tumor,CCL2,CCR2
Dataset_A,Dataset_A_S03,Method_B,Fibroblast,Bcell,VEGFA,KDR
Dataset_A,Dataset_A_S03,Method_B,Bcell,Tcell,ANGPT1,TEK
Dataset_A,Dataset_A_S03,Method_B,Myeloid,Bcell,IL10,IL10RA
Dataset_A,Dataset_A_S03,Method_B,Tumor,Endothelial,IFNG,IFNGR1
Dataset_A,Dataset_A_S03,Method_B,Tumor,Myeloid,PDL1,PDCD1
Dataset_A,Dataset_A_S03,Method_B,Myeloid,Endothelial,CXCL12,CXCR4
Dataset_A,Dataset_A_S03,Method_B,Tcell,Tumor,IL10,IL10RA
Dataset_A,Dataset_A_S03,Method_B,Tcell,Fibroblast,CXCL12,CXCR4
Dataset_A,Dataset_A_S03,Method_B,Tumor,Myeloid,TNF,TNFRSF1A
Dataset_A,Dataset_A_S03,Method_B,Myeloid,Fibroblast,CCL2,CCR2
Dataset_A,Dataset_A_S03,Method_B,Myeloid,Endothelial,CSF1,CSF1R
Dataset_A,Dataset_A_S03,Method_B,Tumor,Fibroblast,CSF1,CSF1R
Dataset_A,Dataset_A_S03,Method_B,Tumor,Bcell,CXCL12,CXCR4
Dataset_A,Dataset_A_S03,Method_B,Myeloid,Bcell,CXCL12,CXCR4
Dataset_A,Dataset_A_S03,Method_B,Endothelial,Myeloid,TGFB1,TGFBR2
Dataset_A,Dataset_A_S03,Method_B,Bcell,Tcell,VEGFA,KDR
Dataset_A,Dataset_A_S03,Method_B,Bcell,Tcell,CXCL12,CXCR4
Dataset_A,Dataset_A_S03,Method_B,Bcell,Tumor,IFNG,IFNGR1
Dataset_A,Dataset_A_S03,Method_B,Tcell,Bcell,CCL2,CCR2
Dataset_A,Dataset_A_S03,Method_B,Tcell,Bcell,TNF,TNFRSF1A
Dataset_A,Dataset_A_S03,Method_C,Endothelial,Fibroblast,CSF1,CSF1R
Dataset_A,Dataset_A_S03,Method_C,Tcell,Fibroblast,PDL1,PDCD1
Dataset_A,Dataset_A_S03,Method_C,Endothelial,Tcell,TNF,TNFRSF1A
Dataset_A,Dataset_A_S03,Method_C,Endothelial,Tumor,IFNG,IFNGR1
Dataset_A,Dataset_A_S03,Method_C,Myeloid,Bcell,IL10,IL10RA
Dataset_A,Dataset_A_S03,Method_C,Myeloid,Tumor,PDL1,PDCD1
Dataset_A,Dataset_A_S03,Method_C,Myeloid,Tcell,PDL1,PDCD1
Dataset_A,Dataset_A_S03,Method_C,Tcell,Fibroblast,CXCL12,CXCR4
Dataset_A,Dataset_A_S03,Method_C,Tumor,Myeloid,TNF,TNFRSF1A
Dataset_A,Dataset_A_S03,Method_C,Myeloid,Fibroblast,CCL2,CCR2
Dataset_A,Dataset_A_S03,Method_C,Bcell,Endothelial,IL10,IL10RA
Dataset_A,Dataset_A_S03,Method_C,Myeloid,Endothelial,CSF1,CSF1R
Dataset_A,Dataset_A_S03,Method_C,Bcell,Myeloid,VEGFA,KDR
Dataset_A,Dataset_A_S03,Method_C,Tcell,Endothelial,CXCL12,CXCR4
Dataset_A,Dataset_A_S03,Method_C,Endothelial,Bcell,TNF,TNFRSF1A
Dataset_A,Dataset_A_S03,Method_C,Tumor,Bcell,CXCL12,CXCR4
Dataset_A,Dataset_A_S03,Method_C,Myeloid,Endothelial,ANGPT1,TEK
Dataset_A,Dataset_A_S03,Method_C,Fibroblast,Endothelial,CCL2,CCR2
Dataset_A,Dataset_A_S03,Method_C,Bcell,Tcell,VEGFA,KDR
Dataset_A,Dataset_A_S03,Method_C,Fibroblast,Tumor,CCL2,CCR2
Dataset_A,Dataset_A_S03,Method_D,Endothelial,Tumor,CCL2,CCR2
Dataset_A,Dataset_A_S03,Method_D,Tcell,Fibroblast,PDL1,PDCD1
Dataset_A,Dataset_A_S03,Method_D,Bcell,Tcell,ANGPT1,TEK
Dataset_A,Dataset_A_S03,Method_D,Endothelial,Tumor,IFNG,IFNGR1
Dataset_A,Dataset_A_S03,Method_D,Myeloid,Tumor,PDL1,PDCD1
Dataset_A,Dataset_A_S03,Method_D,Fibroblast,Myeloid,ANGPT1,TEK
Dataset_A,Dataset_A_S03,Method_D,Bcell,Fibroblast,CXCL12,CXCR4
Dataset_A,Dataset_A_S03,Method_D,Tumor,Endothelial,TNF,TNFRSF1A
Dataset_A,Dataset_A_S03,Method_D,Tumor,Tcell,TNF,TNFRSF1A
Dataset_A,Dataset_A_S03,Method_D,Tumor,Bcell,CXCL12,CXCR4
Dataset_A,Dataset_A_S03,Method_D,Myeloid,Endothelial,ANGPT1,TEK
Dataset_A,Dataset_A_S03,Method_D,Fibroblast,Endothelial,CCL2,CCR2
Dataset_A,Dataset_A_S03,Method_D,Tumor,Fibroblast,CCL2,CCR2
Dataset_A,Dataset_A_S03,Method_D,Bcell,Fibroblast,ANGPT1,TEK
Dataset_A,Dataset_A_S03,Method_D,Myeloid,Bcell,CXCL12,CXCR4
Dataset_A,Dataset_A_S03,Method_D,Tcell,Myeloid,ANGPT1,TEK
Dataset_A,Dataset_A_S03,Method_D,Bcell,Tcell,VEGFA,KDR
Dataset_A,Dataset_A_S03,Method_D,Tcell,Fibroblast,IL10,IL10RA
Dataset_A,Dataset_A_S03,Method_D,Bcell,Tumor,PDL1,PDCD1
Dataset_A,Dataset_A_S03,Method_D,Bcell,Fibroblast,VEGFA,KDR
Dataset_A,Dataset_A_S03,Method_D,Tumor,Fibroblast,VEGFA,KDR
Dataset_A,Dataset_A_S03,Method_D,Tumor,Endothelial,TGFB1,TGFBR2
Dataset_A,Dataset_A_S03,Method_D,Endothelial,Fibroblast,CSF1,CSF1R
Dataset_A,Dataset_A_S03,Method_D,Fibroblast,Bcell,VEGFA,KDR
Dataset_A,Dataset_A_S03,Method_D,Endothelial,Tcell,TNF,TNFRSF1A
Dataset_A,Dataset_A_S03,Method_D,Myeloid,Tcell,PDL1,PDCD1
Dataset_A,Dataset_A_S03,Method_D,Myeloid,Bcell,IL10,IL10RA
Dataset_A,Dataset_A_S03,Method_D,Tumor,Endothelial,IFNG,IFNGR1
Dataset_A,Dataset_A_S03,Method_D,Bcell,Fibroblast,CCL2,CCR2
Dataset_A,Dataset_A_S03,Method_D,Tcell,Tumor,IL10,IL10RA
Dataset_A,Dataset_A_S03,Method_D,Tcell,Fibroblast,CXCL12,CXCR4
Dataset_A,Dataset_A_S03,Method_D,Myeloid,Bcell,VEGFA,KDR
Dataset_A,Dataset_A_S03,Method_D,Endothelial,Fibroblast,CXCL12,CXCR4
Dataset_A,Dataset_A_S03,Method_D,Myeloid,Fibroblast,CCL2,CCR2
Dataset_A,Dataset_A_S03,Method_D,Bcell,Myeloid,VEGFA,KDR
Dataset_A,Dataset_A_S03,Method_D,Tumor,Fibroblast,CSF1,CSF1R
Dataset_A,Dataset_A_S03,Method_D,Tcell,Endothelial,CXCL12,CXCR4
Dataset_A,Dataset_A_S03,Method_D,Endothelial,Bcell,TNF,TNFRSF1A
Dataset_A,Dataset_A_S03,Method_D,Endothelial,Myeloid,TGFB1,TGFBR2
Dataset_A,Dataset_A_S03,Method_D,Fibroblast,Myeloid,TNF,TNFRSF1A
Dataset_A,Dataset_A_S03,Method_D,Endothelial,Tcell,VEGFA,KDR
Dataset_A,Dataset_A_S03,Method_D,Tcell,Bcell,TNF,TNFRSF1A
Dataset_A,Dataset_A_S03,Method_D,Tcell,Endothelial,ANGPT1,TEK
Dataset_A,Dataset_A_S03,Method_D,Myeloid,Bcell,CSF1,CSF1R
Dataset_A,Dataset_A_S04,Method_A,Myeloid,Fibroblast,CSF1,CSF1R
Dataset_A,Dataset_A_S04,Method_A,Endothelial,Tumor,CCL2,CCR2
Dataset_A,Dataset_A_S04,Method_A,Tcell,Myeloid,CCL2,CCR2
Dataset_A,Dataset_A_S04,Method_A,Fibroblast,Bcell,TGFB1,TGFBR2
Dataset_A,Dataset_A_S04,Method_A,Tumor,Endothelial,VEGFA,KDR
Dataset_A,Dataset_A_S04,Method_A,Myeloid,Tcell,IL10,IL10RA
Dataset_A,Dataset_A_S04,Method_A,Fibroblast,Bcell,VEGFA,KDR
Dataset_A,Dataset_A_S04,Method_A,Tcell,Fibroblast,PDL1,PDCD1
Dataset_A,Dataset_A_S04,Method_A,Fibroblast,Endothelial,IL10,IL10RA
Dataset_A,Dataset_A_S04,Method_A,Myeloid,Endothelial,CXCL12,CXCR4
Dataset_A,Dataset_A_S04,Method_A,Endothelial,Fibroblast,IL10,IL10RA
Dataset_A,Dataset_A_S04,Method_A,Endothelial,Fibroblast,IFNG,IFNGR1
Dataset_A,Dataset_A_S04,Method_A,Fibroblast,Tcell,TNF,TNFRSF1A
Dataset_A,Dataset_A_S04,Method_A,Bcell,Fibroblast,CXCL12,CXCR4
Dataset_A,Dataset_A_S04,Method_A,Tumor,Tcell,CCL2,CCR2
Dataset_A,Dataset_A_S04,Method_A,Endothelial,Fibroblast,VEGFA,KDR
Dataset_A,Dataset_A_S04,Method_A,Myeloid,Bcell,CCL2,CCR2
Dataset_A,Dataset_A_S04,Method_A,Endothelial,Fibroblast,TNF,TNFRSF1A
Dataset_A,Dataset_A_S04,Method_A,Tcell,Fibroblast,CXCL12,CXCR4
Dataset_A,Dataset_A_S04,Method_A,Fibroblast,Myeloid,CCL2,CCR2
Dataset_A,Dataset_A_S04,Method_A,Myeloid,Fibroblast,CCL2,CCR2
Dataset_A,Dataset_A_S04,Method_A,Fibroblast,Myeloid,TGFB1,TGFBR2
Dataset_A,Dataset_A_S04,Method_A,Fibroblast,Endothelial,IFNG,IFNGR1
Dataset_A,Dataset_A_S04,Method_A,Myeloid,Endothelial,ANGPT1,TEK
Dataset_A,Dataset_A_S04,Method_A,Tcell,Myeloid,TNF,TNFRSF1A
Dataset_A,Dataset_A_S04,Method_A,Fibroblast,Myeloid,IL10,IL10RA
Dataset_A,Dataset_A_S04,Method_A,Endothelial,Myeloid,VEGFA,KDR
Dataset_A,Dataset_A_S04,Method_A,Bcell,Fibroblast,ANGPT1,TEK
Dataset_A,Dataset_A_S04,Method_A,Endothelial,Myeloid,TGFB1,TGFBR2
Dataset_A,Dataset_A_S04,Method_A,Fibroblast,Tumor,IL10,IL10RA
Dataset_A,Dataset_A_S04,Method_A,Bcell,Tcell,CXCL12,CXCR4
Dataset_A,Dataset_A_S04,Method_A,Tcell,Tumor,TNF,TNFRSF1A
Dataset_A,Dataset_A_S04,Method_A,Fibroblast,Tumor,CCL2,CCR2
Dataset_A,Dataset_A_S04,Method_A,Bcell,Myeloid,ANGPT1,TEK
Dataset_A,Dataset_A_S04,Method_A,Endothelial,Myeloid,PDL1,PDCD1
Dataset_A,Dataset_A_S04,Method_A,Tumor,Fibroblast,VEGFA,KDR
Dataset_A,Dataset_A_S04,Method_A,Fibroblast,Tcell,PDL1,PDCD1
Dataset_A,Dataset_A_S04,Method_B,Fibroblast,Tcell,VEGFA,KDR
Dataset_A,Dataset_A_S04,Method_B,Myeloid,Fibroblast,CSF1,CSF1R
Dataset_A,Dataset_A_S04,Method_B,Tcell,Myeloid,CCL2,CCR2
Dataset_A,Dataset_A_S04,Method_B,Bcell,Tcell,TNF,TNFRSF1A
Dataset_A,Dataset_A_S04,Method_B,Fibroblast,Bcell,TGFB1,TGFBR2
Dataset_A,Dataset_A_S04,Method_B,Tumor,Endothelial,VEGFA,KDR
Dataset_A,Dataset_A_S04,Method_B,Bcell,Fibroblast,IFNG,IFNGR1
Dataset_A,Dataset_A_S04,Method_B,Myeloid,Endothelial,CCL2,CCR2
Dataset_A,Dataset_A_S04,Method_B,Bcell,Myeloid,CCL2,CCR2
Dataset_A,Dataset_A_S04,Method_B,Tcell,Myeloid,IL10,IL10RA
Dataset_A,Dataset_A_S04,Method_B,Fibroblast,Tcell,TNF,TNFRSF1A
Dataset_A,Dataset_A_S04,Method_B,Tumor,Tcell,CCL2,CCR2
Dataset_A,Dataset_A_S04,Method_B,Myeloid,Bcell,CCL2,CCR2
Dataset_A,Dataset_A_S04,Method_B,Myeloid,Fibroblast,TGFB1,TGFBR2
Dataset_A,Dataset_A_S04,Method_B,Fibroblast,Endothelial,IFNG,IFNGR1
Dataset_A,Dataset_A_S04,Method_B,Endothelial,Myeloid,IFNG,IFNGR1
Dataset_A,Dataset_A_S04,Method_B,Fibroblast,Endothelial,TNF,TNFRSF1A
Dataset_A,Dataset_A_S04,Method_B,Myeloid,Endothelial,ANGPT1,TEK
Dataset_A,Dataset_A_S04,Method_B,Myeloid,Bcell,PDL1,PDCD1
Dataset_A,Dataset_A_S04,Method_B,Tumor,Myeloid,CSF1,CSF1R
Dataset_A,Dataset_A_S04,Method_B,Fibroblast,Tumor,IFNG,IFNGR1
Dataset_A,Dataset_A_S04,Method_B,Tcell,Bcell,CCL2,CCR2
Dataset_A,Dataset_A_S04,Method_B,Fibroblast,Tumor,CCL2,CCR2
Dataset_A,Dataset_A_S04,Method_B,Bcell,Tumor,TGFB1,TGFBR2
Dataset_A,Dataset_A_S04,Method_B,Fibroblast,Bcell,IL10,IL10RA
Dataset_A,Dataset_A_S04,Method_C,Fibroblast,Endothelial,IFNG,IFNGR1
Dataset_A,Dataset_A_S04,Method_C,Tcell,Myeloid,CCL2,CCR2
Dataset_A,Dataset_A_S04,Method_C,Fibroblast,Bcell,TGFB1,TGFBR2
Dataset_A,Dataset_A_S04,Method_C,Fibroblast,Endothelial,TNF,TNFRSF1A
Dataset_A,Dataset_A_S04,Method_C,Tcell,Myeloid,TNF,TNFRSF1A
Dataset_A,Dataset_A_S04,Method_C,Myeloid,Bcell,PDL1,PDCD1
Dataset_A,Dataset_A_S04,Method_C,Fibroblast,Myeloid,CSF1,CSF1R
Dataset_A,Dataset_A_S04,Method_C,Endothelial,Myeloid,VEGFA,KDR
Dataset_A,Dataset_A_S04,Method_C,Endothelial,Fibroblast,IL10,IL10RA
Dataset_A,Dataset_A_S04,Method_C,Fibroblast,Tumor,IL10,IL10RA
Dataset_A,Dataset_A_S04,Method_C,Bcell,Fibroblast,CCL2,CCR2
Dataset_A,Dataset_A_S04,Method_C,Fibroblast,Tcell,TNF,TNFRSF1A
Dataset_A,Dataset_A_S04,Method_C,Tumor,Fibroblast,VEGFA,KDR
Dataset_A,Dataset_A_S04,Method_D,Tcell,Endothelial,IL10,IL10RA
Dataset_A,Dataset_A_S04,Method_D,Fibroblast,Tcell,VEGFA,KDR
Dataset_A,Dataset_A_S04,Method_D,Myeloid,Fibroblast,CSF1,CSF1R
Dataset_A,Dataset_A_S04,Method_D,Bcell,Tcell,TNF,TNFRSF1A
Dataset_A,Dataset_A_S04,Method_D,Tumor,Bcell,CSF1,CSF1R
Dataset_A,Dataset_A_S04,Method_D,Endothelial,Fibroblast,IL10,IL10RA
Dataset_A,Dataset_A_S04,Method_D,Endothelial,Fibroblast,IFNG,IFNGR1
Dataset_A,Dataset_A_S04,Method_D,Endothelial,Fibroblast,VEGFA,KDR
Dataset_A,Dataset_A_S04,Method_D,Tumor,Myeloid,TNF,TNFRSF1A
Dataset_A,Dataset_A_S04,Method_D,Fibroblast,Myeloid,CCL2,CCR2
Dataset_A,Dataset_A_S04,Method_D,Fibroblast,Endothelial,IFNG,IFNGR1
Dataset_A,Dataset_A_S04,Method_D,Fibroblast,Tumor,CSF1,CSF1R
Dataset_A,Dataset_A_S04,Method_D,Tcell,Bcell,PDL1,PDCD1
Dataset_A,Dataset_A_S04,Method_D,Tcell,Myeloid,TNF,TNFRSF1A
Dataset_A,Dataset_A_S04,Method_D,Fibroblast,Myeloid,IL10,IL10RA
Dataset_A,Dataset_A_S04,Method_D,Bcell,Fibroblast,ANGPT1,TEK
Dataset_A,Dataset_A_S04,Method_D,Bcell,Tcell,PDL1,PDCD1
Dataset_A,Dataset_A_S04,Method_D,Tumor,Myeloid,IL10,IL10RA
Dataset_A,Dataset_A_S04,Method_D,Myeloid,Tumor,CSF1,CSF1R
Dataset_A,Dataset_A_S04,Method_D,Tcell,Bcell,CCL2,CCR2
Dataset_A,Dataset_A_S04,Method_D,Bcell,Tumor,IFNG,IFNGR1
Dataset_A,Dataset_A_S04,Method_D,Tumor,Bcell,TNF,TNFRSF1A
Dataset_A,Dataset_A_S04,Method_D,Tumor,Endothelial,IL10,IL10RA
Dataset_A,Dataset_A_S04,Method_D,Fibroblast,Tumor,TNF,TNFRSF1A
Dataset_A,Dataset_A_S04,Method_D,Bcell,Fibroblast,VEGFA,KDR
Dataset_A,Dataset_A_S04,Method_D,Fibroblast,Bcell,IL10,IL10RA
Dataset_A,Dataset_A_S04,Method_D,Tumor,Fibroblast,VEGFA,KDR
Dataset_A,Dataset_A_S04,Method_D,Tcell,Myeloid,CCL2,CCR2
Dataset_A,Dataset_A_S04,Method_D,Tumor,Tcell,TGFB1,TGFBR2
Dataset_A,Dataset_A_S04,Method_D,Fibroblast,Bcell,TGFB1,TGFBR2
Dataset_A,Dataset_A_S04,Method_D,Tumor,Endothelial,VEGFA,KDR
Dataset_A,Dataset_A_S04,Method_D,Myeloid,Tcell,IL10,IL10RA
Dataset_A,Dataset_A_S04,Method_D,Fibroblast,Myeloid,CSF1,CSF1R
Dataset_A,Dataset_A_S04,Method_D,Tcell,Myeloid,IL10,IL10RA
Dataset_A,Dataset_A_S04,Method_D,Myeloid,Tcell,VEGFA,KDR
Dataset_A,Dataset_A_S04,Method_D,Fibroblast,Tcell,TNF,TNFRSF1A
Dataset_A,Dataset_A_S04,Method_D,Tumor,Tcell,CCL2,CCR2
Dataset_A,Dataset_A_S04,Method_D,Tumor,Bcell,IL10,IL10RA
Dataset_A,Dataset_A_S04,Method_D,Endothelial,Tumor,CXCL12,CXCR4
Dataset_A,Dataset_A_S04,Method_D,Tcell,Tumor,CCL2,CCR2
Dataset_A,Dataset_A_S04,Method_D,Endothelial,Fibroblast,CXCL12,CXCR4
Dataset_A,Dataset_A_S04,Method_D,Tcell,Myeloid,TGFB1,TGFBR2
Dataset_A,Dataset_A_S04,Method_D,Myeloid,Fibroblast,CCL2,CCR2
Dataset_A,Dataset_A_S04,Method_D,Endothelial,Tumor,TNF,TNFRSF1A
Dataset_A,Dataset_A_S04,Method_D,Tcell,Myeloid,IFNG,IFNGR1
Dataset_A,Dataset_A_S04,Method_D,Fibroblast,Endothelial,TNF,TNFRSF1A
Dataset_A,Dataset_A_S04,Method_D,Endothelial,Tcell,ANGPT1,TEK
Dataset_A,Dataset_A_S04,Method_D,Myeloid,Bcell,PDL1,PDCD1
Dataset_A,Dataset_A_S04,Method_D,Endothelial,Myeloid,VEGFA,KDR
Dataset_A,Dataset_A_S04,Method_D,Fibroblast,Tumor,IL10,IL10RA
Dataset_A,Dataset_A_S04,Method_D,Bcell,Tcell,CXCL12,CXCR4
Dataset_A,Dataset_A_S04,Method_D,Fibroblast,Tumor,IFNG,IFNGR1
Dataset_A,Dataset_A_S04,Method_D,Endothelial,Tcell,VEGFA,KDR
Dataset_A,Dataset_A_S04,Method_D,Endothelial,Tcell,PDL1,PDCD1
Dataset_A,Dataset_A_S04,Method_D,Tcell,Fibroblast,CCL2,CCR2
Dataset_A,Dataset_A_S04,Method_D,Fibroblast,Tcell,PDL1,PDCD1
Dataset_A,Dataset_A_S05,Method_A,Endothelial,Tcell,IFNG,IFNGR1
Dataset_A,Dataset_A_S05,Method_A,Myeloid,Tcell,IFNG,IFNGR1
Dataset_A,Dataset_A_S05,Method_A,Tcell,Fibroblast,PDL1,PDCD1
Dataset_A,Dataset_A_S05,Method_A,Bcell,Fibroblast,IL10,IL10RA
Dataset_A,Dataset_A_S05,Method_A,Myeloid,Tumor,ANGPT1,TEK
Dataset_A,Dataset_A_S05,Method_A,Bcell,Fibroblast,IFNG,IFNGR1
Dataset_A,Dataset_A_S05,Method_A,Myeloid,Endothelial,PDL1,PDCD1
Dataset_A,Dataset_A_S05,Method_A,Bcell,Tumor,TNF,TNFRSF1A
Dataset_A,Dataset_A_S05,Method_A,Myeloid,Tumor,PDL1,PDCD1
Dataset_A,Dataset_A_S05,Method_A,Tumor,Myeloid,PDL1,PDCD1
Dataset_A,Dataset_A_S05,Method_A,Myeloid,Endothelial,TNF,TNFRSF1A
Dataset_A,Dataset_A_S05,Method_A,Tcell,Tumor,IFNG,IFNGR1
Dataset_A,Dataset_A_S05,Method_A,Endothelial,Bcell,CCL2,CCR2
Dataset_A,Dataset_A_S05,Method_A,Myeloid,Bcell,TGFB1,TGFBR2
Dataset_A,Dataset_A_S05,Method_A,Fibroblast,Bcell,TNF,TNFRSF1A
Dataset_A,Dataset_A_S05,Method_A,Tumor,Bcell,IL10,IL10RA
Dataset_A,Dataset_A_S05,Method_A,Endothelial,Myeloid,ANGPT1,TEK
Dataset_A,Dataset_A_S05,Method_A,Tumor,Endothelial,CXCL12,CXCR4
Dataset_A,Dataset_A_S05,Method_A,Tcell,Endothelial,TGFB1,TGFBR2
Dataset_A,Dataset_A_S05,Method_A,Myeloid,Fibroblast,TGFB1,TGFBR2
Dataset_A,Dataset_A_S05,Method_A,Fibroblast,Tumor,CSF1,CSF1R
Dataset_A,Dataset_A_S05,Method_A,Myeloid,Tumor,CXCL12,CXCR4
Dataset_A,Dataset_A_S05,Method_A,Fibroblast,Tumor,VEGFA,KDR
Dataset_A,Dataset_A_S05,Method_A,Endothelial,Tcell,ANGPT1,TEK
Dataset_A,Dataset_A_S05,Method_A,Endothelial,Bcell,PDL1,PDCD1
Dataset_A,Dataset_A_S05,Method_A,Fibroblast,Endothelial,PDL1,PDCD1
Dataset_A,Dataset_A_S05,Method_A,Fibroblast,Tumor,TGFB1,TGFBR2
Dataset_A,Dataset_A_S05,Method_A,Endothelial,Bcell,CXCL12,CXCR4
Dataset_A,Dataset_A_S05,Method_A,Endothelial,Myeloid,TGFB1,TGFBR2
Dataset_A,Dataset_A_S05,Method_A,Bcell,Myeloid,CSF1,CSF1R
Dataset_A,Dataset_A_S05,Method_A,Tumor,Myeloid,CCL2,CCR2
Dataset_A,Dataset_A_S05,Method_A,Tumor,Bcell,TNF,TNFRSF1A
Dataset_A,Dataset_A_S05,Method_A,Bcell,Fibroblast,VEGFA,KDR
Dataset_A,Dataset_A_S05,Method_A,Myeloid,Bcell,CSF1,CSF1R
Dataset_A,Dataset_A_S05,Method_A,Tcell,Fibroblast,VEGFA,KDR
Dataset_A,Dataset_A_S05,Method_B,Myeloid,Fibroblast,CSF1,CSF1R
Dataset_A,Dataset_A_S05,Method_B,Fibroblast,Bcell,VEGFA,KDR
Dataset_A,Dataset_A_S05,Method_B,Myeloid,Endothelial,PDL1,PDCD1
Dataset_A,Dataset_A_S05,Method_B,Bcell,Tumor,TNF,TNFRSF1A
Dataset_A,Dataset_A_S05,Method_B,Myeloid,Tumor,PDL1,PDCD1
Dataset_A,Dataset_A_S05,Method_B,Myeloid,Endothelial,CXCL12,CXCR4
Dataset_A,Dataset_A_S05,Method_B,Tcell,Tumor,IFNG,IFNGR1
Dataset_A,Dataset_A_S05,Method_B,Endothelial,Myeloid,ANGPT1,TEK
Dataset_A,Dataset_A_S05,Method_B,Tumor,Endothelial,CXCL12,CXCR4
Dataset_A,Dataset_A_S05,Method_B,Tcell,Endothelial,TGFB1,TGFBR2
Dataset_A,Dataset_A_S05,Method_B,Myeloid,Fibroblast,TGFB1,TGFBR2
Dataset_A,Dataset_A_S05,Method_B,Bcell,Endothelial,IL10,IL10RA
Dataset_A,Dataset_A_S05,Method_B,Bcell,Myeloid,VEGFA,KDR
Dataset_A,Dataset_A_S05,Method_B,Fibroblast,Tumor,CSF1,CSF1R
Dataset_A,Dataset_A_S05,Method_B,Tcell,Bcell,PDL1,PDCD1
Dataset_A,Dataset_A_S05,Method_B,Bcell,Endothelial,TGFB1,TGFBR2
Dataset_A,Dataset_A_S05,Method_B,Endothelial,Tcell,ANGPT1,TEK
Dataset_A,Dataset_A_S05,Method_B,Endothelial,Bcell,PDL1,PDCD1
Dataset_A,Dataset_A_S05,Method_B,Fibroblast,Endothelial,PDL1,PDCD1
Dataset_A,Dataset_A_S05,Method_B,Fibroblast,Tumor,TGFB1,TGFBR2
Dataset_A,Dataset_A_S05,Method_B,Tcell,Tumor,VEGFA,KDR
Dataset_A,Dataset_A_S05,Method_B,Tcell,Endothelial,TNF,TNFRSF1A
Dataset_A,Dataset_A_S05,Method_B,Endothelial,Myeloid,TGFB1,TGFBR2
Dataset_A,Dataset_A_S05,Method_B,Fibroblast,Myeloid,TNF,TNFRSF1A
Dataset_A,Dataset_A_S05,Method_B,Bcell,Myeloid,CSF1,CSF1R
Dataset_A,Dataset_A_S05,Method_B,Fibroblast,Tumor,IL10,IL10RA
Dataset_A,Dataset_A_S05,Method_B,Fibroblast,Endothelial,ANGPT1,TEK
Dataset_A,Dataset_A_S05,Method_B,Tumor,Bcell,VEGFA,KDR
Dataset_A,Dataset_A_S05,Method_B,Myeloid,Tumor,ANGPT1,TEK
Dataset_A,Dataset_A_S05,Method_C,Fibroblast,Tumor,CSF1,CSF1R
Dataset_A,Dataset_A_S05,Method_C,Myeloid,Tumor,CXCL12,CXCR4
Dataset_A,Dataset_A_S05,Method_C,Bcell,Fibroblast,IL10,IL10RA
Dataset_A,Dataset_A_S05,Method_C,Endothelial,Bcell,PDL1,PDCD1
Dataset_A,Dataset_A_S05,Method_C,Myeloid,Endothelial,PDL1,PDCD1
Dataset_A,Dataset_A_S05,Method_C,Fibroblast,Tumor,TGFB1,TGFBR2
Dataset_A,Dataset_A_S05,Method_C,Myeloid,Tumor,PDL1,PDCD1
Dataset_A,Dataset_A_S05,Method_C,Tumor,Myeloid,PDL1,PDCD1
Dataset_A,Dataset_A_S05,Method_C,Endothelial,Bcell,CXCL12,CXCR4
Dataset_A,Dataset_A_S05,Method_C,Fibroblast,Myeloid,TNF,TNFRSF1A
Dataset_A,Dataset_A_S05,Method_C,Endothelial,Bcell,CCL2,CCR2
Dataset_A,Dataset_A_S05,Method_C,Myeloid,Endothelial,CXCL12,CXCR4
Dataset_A,Dataset_A_S05,Method_C,Fibroblast,Bcell,TNF,TNFRSF1A
Dataset_A,Dataset_A_S05,Method_C,Myeloid,Fibroblast,TGFB1,TGFBR2
Dataset_A,Dataset_A_S05,Method_C,Bcell,Fibroblast,VEGFA,KDR
Dataset_A,Dataset_A_S05,Method_D,Endothelial,Tcell,IFNG,IFNGR1
Dataset_A,Dataset_A_S05,Method_D,Bcell,Tumor,TNF,TNFRSF1A
Dataset_A,Dataset_A_S05,Method_D,Myeloid,Endothelial,CXCL12,CXCR4
Dataset_A,Dataset_A_S05,Method_D,Endothelial,Bcell,CCL2,CCR2
Dataset_A,Dataset_A_S05,Method_D,Tumor,Myeloid,CXCL12,CXCR4
Dataset_A,Dataset_A_S05,Method_D,Fibroblast,Bcell,TNF,TNFRSF1A
Dataset_A,Dataset_A_S05,Method_D,Endothelial,Fibroblast,CCL2,CCR2
Dataset_A,Dataset_A_S05,Method_D,Tcell,Myeloid,CXCL12,CXCR4
Dataset_A,Dataset_A_S05,Method_D,Tcell,Endothelial,TGFB1,TGFBR2
Dataset_A,Dataset_A_S05,Method_D,Myeloid,Tumor,CCL2,CCR2
Dataset_A,Dataset_A_S05,Method_D,Endothelial,Tcell,CSF1,CSF1R
Dataset_A,Dataset_A_S05,Method_D,Bcell,Myeloid,CXCL12,CXCR4
Dataset_A,Dataset_A_S05,Method_D,Tcell,Bcell,PDL1,PDCD1
Dataset_A,Dataset_A_S05,Method_D,Fibroblast,Bcell,ANGPT1,TEK
Dataset_A,Dataset_A_S05,Method_D,Fibroblast,Tumor,CSF1,CSF1R
Dataset_A,Dataset_A_S05,Method_D,Endothelial,Tumor,CSF1,CSF1R
Dataset_A,Dataset_A_S05,Method_D,Endothelial,Bcell,PDL1,PDCD1
Dataset_A,Dataset_A_S05,Method_D,Fibroblast,Endothelial,CCL2,CCR2
Dataset_A,Dataset_A_S05,Method_D,Tumor,Myeloid,CCL2,CCR2
Dataset_A,Dataset_A_S05,Method_D,Myeloid,Endothelial,TGFB1,TGFBR2
Dataset_A,Dataset_A_S05,Method_D,Bcell,Fibroblast,VEGFA,KDR
Dataset_A,Dataset_A_S05,Method_D,Fibroblast,Bcell,IL10,IL10RA
Dataset_A,Dataset_A_S05,Method_D,Tcell,Tumor,TNF,TNFRSF1A
Dataset_A,Dataset_A_S05,Method_D,Fibroblast,Bcell,VEGFA,KDR
Dataset_A,Dataset_A_S05,Method_D,Fibroblast,Bcell,TGFB1,TGFBR2
Dataset_A,Dataset_A_S05,Method_D,Bcell,Fibroblast,IL10,IL10RA
Dataset_A,Dataset_A_S05,Method_D,Tumor,Myeloid,VEGFA,KDR
Dataset_A,Dataset_A_S05,Method_D,Myeloid,Endothelial,PDL1,PDCD1
Dataset_A,Dataset_A_S05,Method_D,Myeloid,Fibroblast,ANGPT1,TEK
Dataset_A,Dataset_A_S05,Method_D,Tumor,Myeloid,PDL1,PDCD1
Dataset_A,Dataset_A_S05,Method_D,Tcell,Tumor,IFNG,IFNGR1
Dataset_A,Dataset_A_S05,Method_D,Tcell,Fibroblast,TNF,TNFRSF1A
Dataset_A,Dataset_A_S05,Method_D,Myeloid,Bcell,TGFB1,TGFBR2
Dataset_A,Dataset_A_S05,Method_D,Endothelial,Tumor,CXCL12,CXCR4
Dataset_A,Dataset_A_S05,Method_D,Endothelial,Myeloid,ANGPT1,TEK
Dataset_A,Dataset_A_S05,Method_D,Bcell,Endothelial,IL10,IL10RA
Dataset_A,Dataset_A_S05,Method_D,Bcell,Myeloid,VEGFA,KDR
Dataset_A,Dataset_A_S05,Method_D,Tumor,Bcell,PDL1,PDCD1
Dataset_A,Dataset_A_S05,Method_D,Fibroblast,Tumor,VEGFA,KDR
Dataset_A,Dataset_A_S05,Method_D,Endothelial,Tcell,ANGPT1,TEK
Dataset_A,Dataset_A_S05,Method_D,Fibroblast,Tumor,TGFB1,TGFBR2
Dataset_A,Dataset_A_S05,Method_D,Tcell,Tumor,VEGFA,KDR
Dataset_A,Dataset_A_S05,Method_D,Endothelial,Bcell,ANGPT1,TEK
Dataset_A,Dataset_A_S05,Method_D,Bcell,Myeloid,CSF1,CSF1R
Dataset_A,Dataset_A_S05,Method_D,Tumor,Bcell,VEGFA,KDR
Dataset_A,Dataset_A_S05,Method_D,Endothelial,Tcell,TGFB1,TGFBR2
Dataset_A,Dataset_A_S05,Method_D,Tcell,Myeloid,CSF1,CSF1R
Dataset_A,Dataset_A_S05,Method_D,Tcell,Fibroblast,VEGFA,KDR
Dataset_A,Dataset_A_S06,Method_A,Fibroblast,Tcell,VEGFA,KDR
Dataset_A,Dataset_A_S06,Method_A,Endothelial,Tumor,CCL2,CCR2
Dataset_A,Dataset_A_S06,Method_A,Myeloid,Tumor,PDL1,PDCD1
Dataset_A,Dataset_A_S06,Method_A,Myeloid,Tcell,TNF,TNFRSF1A
Dataset_A,Dataset_A_S06,Method_A,Endothelial,Bcell,CCL2,CCR2
Dataset_A,Dataset_A_S06,Method_A,Fibroblast,Tcell,CSF1,CSF1R
Dataset_A,Dataset_A_S06,Method_A,Endothelial,Bcell,TGFB1,TGFBR2
Dataset_A,Dataset_A_S06,Method_A,Bcell,Fibroblast,CXCL12,CXCR4
Dataset_A,Dataset_A_S06,Method_A,Tumor,Tcell,TNF,TNFRSF1A
Dataset_A,Dataset_A_S06,Method_A,Tcell,Bcell,PDL1,PDCD1
Dataset_A,Dataset_A_S06,Method_A,Fibroblast,Myeloid,IL10,IL10RA
Dataset_A,Dataset_A_S06,Method_A,Tcell,Tumor,CXCL12,CXCR4
Dataset_A,Dataset_A_S06,Method_A,Tumor,Myeloid,IL10,IL10RA
Dataset_A,Dataset_A_S06,Method_A,Tcell,Bcell,IFNG,IFNGR1
Dataset_A,Dataset_A_S06,Method_A,Myeloid,Tumor,CSF1,CSF1R
Dataset_A,Dataset_A_S06,Method_A,Tumor,Myeloid,CCL2,CCR2
Dataset_A,Dataset_A_S06,Method_A,Bcell,Tumor,PDL1,PDCD1
Dataset_A,Dataset_A_S06,Method_A,Bcell,Fibroblast,TGFB1,TGFBR2
Dataset_A,Dataset_A_S06,Method_A,Endothelial,Tcell,CXCL12,CXCR4
Dataset_A,Dataset_A_S06,Method_A,Bcell,Endothelial,TNF,TNFRSF1A
Dataset_A,Dataset_A_S06,Method_A,Endothelial,Fibroblast,CSF1,CSF1R
Dataset_A,Dataset_A_S06,Method_A,Myeloid,Endothelial,IFNG,IFNGR1
Dataset_A,Dataset_A_S06,Method_A,Fibroblast,Bcell,TGFB1,TGFBR2
Dataset_A,Dataset_A_S06,Method_A,Bcell,Fibroblast,IL10,IL10RA
Dataset_A,Dataset_A_S06,Method_A,Myeloid,Tcell,IL10,IL10RA
Dataset_A,Dataset_A_S06,Method_A,Tumor,Myeloid,VEGFA,KDR
Dataset_A,Dataset_A_S06,Method_A,Myeloid,Tcell,PDL1,PDCD1
Dataset_A,Dataset_A_S06,Method_A,Myeloid,Fibroblast,IL10,IL10RA
Dataset_A,Dataset_A_S06,Method_A,Bcell,Fibroblast,CCL2,CCR2
Dataset_A,Dataset_A_S06,Method_A,Bcell,Myeloid,IFNG,IFNGR1
Dataset_A,Dataset_A_S06,Method_A,Myeloid,Fibroblast,IFNG,IFNGR1
Dataset_A,Dataset_A_S06,Method_A,Tumor,Endothelial,PDL1,PDCD1
Dataset_A,Dataset_A_S06,Method_A,Tcell,Myeloid,TGFB1,TGFBR2
Dataset_A,Dataset_A_S06,Method_A,Endothelial,Tumor,CXCL12,CXCR4
Dataset_A,Dataset_A_S06,Method_A,Bcell,Endothelial,IFNG,IFNGR1
Dataset_A,Dataset_A_S06,Method_A,Tcell,Bcell,CXCL12,CXCR4
Dataset_A,Dataset_A_S06,Method_A,Endothelial,Myeloid,VEGFA,KDR
Dataset_A,Dataset_A_S06,Method_A,Fibroblast,Endothelial,CXCL12,CXCR4
Dataset_A,Dataset_A_S06,Method_A,Fibroblast,Tumor,PDL1,PDCD1
Dataset_A,Dataset_A_S06,Method_A,Tcell,Endothelial,ANGPT1,TEK
Dataset_A,Dataset_A_S06,Method_A,Myeloid,Tumor,ANGPT1,TEK
Dataset_A,Dataset_A_S06,Method_B,Myeloid,Tumor,PDL1,PDCD1
Dataset_A,Dataset_A_S06,Method_B,Tumor,Myeloid,PDL1,PDCD1
Dataset_A,Dataset_A_S06,Method_B,Myeloid,Tcell,TNF,TNFRSF1A
Dataset_A,Dataset_A_S06,Method_B,Fibroblast,Myeloid,ANGPT1,TEK
Dataset_A,Dataset_A_S06,Method_B,Bcell,Fibroblast,CCL2,CCR2
Dataset_A,Dataset_A_S06,Method_B,Fibroblast,Tcell,CSF1,CSF1R
Dataset_A,Dataset_A_S06,Method_B,Bcell,Myeloid,IFNG,IFNGR1
Dataset_A,Dataset_A_S06,Method_B,Bcell,Tcell,CSF1,CSF1R
Dataset_A,Dataset_A_S06,Method_B,Myeloid,Fibroblast,IFNG,IFNGR1
Dataset_A,Dataset_A_S06,Method_B,Myeloid,Bcell,TGFB1,TGFBR2
Dataset_A,Dataset_A_S06,Method_B,Tcell,Endothelial,VEGFA,KDR
Dataset_A,Dataset_A_S06,Method_B,Endothelial,Tumor,CXCL12,CXCR4
Dataset_A,Dataset_A_S06,Method_B,Bcell,Myeloid,CXCL12,CXCR4
Dataset_A,Dataset_A_S06,Method_B,Tcell,Bcell,PDL1,PDCD1
Dataset_A,Dataset_A_S06,Method_B,Fibroblast,Bcell,ANGPT1,TEK
Dataset_A,Dataset_A_S06,Method_B,Myeloid,Tcell,ANGPT1,TEK
Dataset_A,Dataset_A_S06,Method_B,Tcell,Myeloid,TNF,TNFRSF1A
Dataset_A,Dataset_A_S06,Method_B,Fibroblast,Myeloid,IL10,IL10RA
Dataset_A,Dataset_A_S06,Method_B,Tumor,Fibroblast,CCL2,CCR2
Dataset_A,Dataset_A_S06,Method_B,Endothelial,Tcell,ANGPT1,TEK
Dataset_A,Dataset_A_S06,Method_B,Endothelial,Bcell,ANGPT1,TEK
Dataset_A,Dataset_A_S06,Method_B,Tumor,Myeloid,ANGPT1,TEK
Dataset_A,Dataset_A_S06,Method_B,Tcell,Bcell,IFNG,IFNGR1
Dataset_A,Dataset_A_S06,Method_B,Myeloid,Tumor,CSF1,CSF1R
Dataset_A,Dataset_A_S06,Method_B,Bcell,Fibroblast,CSF1,CSF1R
Dataset_A,Dataset_A_S06,Method_B,Bcell,Fibroblast,TGFB1,TGFBR2
Dataset_A,Dataset_A_S06,Method_B,Endothelial,Tcell,CXCL12,CXCR4
Dataset_A,Dataset_A_S06,Method_C,Bcell,Endothelial,IFNG,IFNGR1
Dataset_A,Dataset_A_S06,Method_C,Myeloid,Tcell,IL10,IL10RA
Dataset_A,Dataset_A_S06,Method_C,Endothelial,Tcell,ANGPT1,TEK
Dataset_A,Dataset_A_S06,Method_C,Myeloid,Tcell,ANGPT1,TEK
Dataset_A,Dataset_A_S06,Method_C,Endothelial,Bcell,ANGPT1,TEK
Dataset_A,Dataset_A_S06,Method_C,Fibroblast,Endothelial,CXCL12,CXCR4
Dataset_A,Dataset_A_S06,Method_C,Bcell,Fibroblast,CCL2,CCR2
Dataset_A,Dataset_A_S06,Method_C,Bcell,Fibroblast,CXCL12,CXCR4
Dataset_A,Dataset_A_S06,Method_C,Tcell,Myeloid,TGFB1,TGFBR2
Dataset_A,Dataset_A_S06,Method_C,Myeloid,Bcell,VEGFA,KDR
Dataset_A,Dataset_A_S06,Method_C,Bcell,Fibroblast,TGFB1,TGFBR2
Dataset_A,Dataset_A_S06,Method_D,Endothelial,Tumor,CCL2,CCR2
Dataset_A,Dataset_A_S06,Method_D,Myeloid,Tumor,PDL1,PDCD1
Dataset_A,Dataset_A_S06,Method_D,Fibroblast,Myeloid,ANGPT1,TEK
Dataset_A,Dataset_A_S06,Method_D,Fibroblast,Endothelial,TGFB1,TGFBR2
Dataset_A,Dataset_A_S06,Method_D,Bcell,Fibroblast,CXCL12,CXCR4
Dataset_A,Dataset_A_S06,Method_D,Tumor,Tcell,TNF,TNFRSF1A
Dataset_A,Dataset_A_S06,Method_D,Fibroblast,Endothelial,IFNG,IFNGR1
Dataset_A,Dataset_A_S06,Method_D,Tcell,Bcell,PDL1,PDCD1
Dataset_A,Dataset_A_S06,Method_D,Fibroblast,Tumor,CSF1,CSF1R
Dataset_A,Dataset_A_S06,Method_D,Tcell,Myeloid,TNF,TNFRSF1A
Dataset_A,Dataset_A_S06,Method_D,Myeloid,Tcell,ANGPT1,TEK
Dataset_A,Dataset_A_S06,Method_D,Fibroblast,Myeloid,IL10,IL10RA
Dataset_A,Dataset_A_S06,Method_D,Tumor,Fibroblast,CCL2,CCR2
Dataset_A,Dataset_A_S06,Method_D,Myeloid,Bcell,TNF,TNFRSF1A
Dataset_A,Dataset_A_S06,Method_D,Tcell,Tumor,CXCL12,CXCR4
Dataset_A,Dataset_A_S06,Method_D,Tcell,Bcell,IL10,IL10RA
Dataset_A,Dataset_A_S06,Method_D,Tumor,Myeloid,IL10,IL10RA
Dataset_A,Dataset_A_S06,Method_D,Tcell,Bcell,IFNG,IFNGR1
Dataset_A,Dataset_A_S06,Method_D,Myeloid,Tumor,CSF1,CSF1R
Dataset_A,Dataset_A_S06,Method_D,Bcell,Tumor,CCL2,CCR2
Dataset_A,Dataset_A_S06,Method_D,Bcell,Fibroblast,VEGFA,KDR
Dataset_A,Dataset_A_S06,Method_D,Endothelial,Bcell,CSF1,CSF1R
Dataset_A,Dataset_A_S06,Method_D,Bcell,Endothelial,TNF,TNFRSF1A
Dataset_A,Dataset_A_S06,Method_D,Endothelial,Tcell,CXCL12,CXCR4
Dataset_A,Dataset_A_S06,Method_D,Endothelial,Myeloid,TNF,TNFRSF1A
Dataset_A,Dataset_A_S06,Method_D,Myeloid,Endothelial,IFNG,IFNGR1
Dataset_A,Dataset_A_S06,Method_D,Endothelial,Myeloid,CXCL12,CXCR4
Dataset_A,Dataset_A_S06,Method_D,Bcell,Fibroblast,IL10,IL10RA
Dataset_A,Dataset_A_S06,Method_D,Myeloid,Tcell,IL10,IL10RA
Dataset_A,Dataset_A_S06,Method_D,Endothelial,Tcell,TNF,TNFRSF1A
Dataset_A,Dataset_A_S06,Method_D,Tumor,Myeloid,VEGFA,KDR
Dataset_A,Dataset_A_S06,Method_D,Tcell,Bcell,CSF1,CSF1R
Dataset_A,Dataset_A_S06,Method_D,Myeloid,Bcell,IL10,IL10RA
Dataset_A,Dataset_A_S06,Method_D,Tumor,Endothelial,IFNG,IFNGR1
Dataset_A,Dataset_A_S06,Method_D,Tumor,Fibroblast,IFNG,IFNGR1
Dataset_A,Dataset_A_S06,Method_D,Tcell,Tumor,IFNG,IFNGR1
Dataset_A,Dataset_A_S06,Method_D,Myeloid,Fibroblast,IL10,IL10RA
Dataset_A,Dataset_A_S06,Method_D,Bcell,Fibroblast,CCL2,CCR2
Dataset_A,Dataset_A_S06,Method_D,Myeloid,Fibroblast,IFNG,IFNGR1
Dataset_A,Dataset_A_S06,Method_D,Bcell,Tcell,CSF1,CSF1R
Dataset_A,Dataset_A_S06,Method_D,Tcell,Tumor,IL10,IL10RA
Dataset_A,Dataset_A_S06,Method_D,Tcell,Myeloid,TGFB1,TGFBR2
Dataset_A,Dataset_A_S06,Method_D,Endothelial,Myeloid,ANGPT1,TEK
Dataset_A,Dataset_A_S06,Method_D,Tumor,Bcell,IFNG,IFNGR1
Dataset_A,Dataset_A_S06,Method_D,Bcell,Endothelial,IFNG,IFNGR1
Dataset_A,Dataset_A_S06,Method_D,Endothelial,Tcell,ANGPT1,TEK
Dataset_A,Dataset_A_S06,Method_D,Endothelial,Bcell,ANGPT1,TEK
Dataset_A,Dataset_A_S06,Method_D,Fibroblast,Endothelial,CXCL12,CXCR4
Dataset_A,Dataset_A_S06,Method_D,Bcell,Myeloid,CSF1,CSF1R
Dataset_A,Dataset_A_S06,Method_D,Fibroblast,Endothelial,ANGPT1,TEK
Dataset_A,Dataset_A_S06,Method_D,Endothelial,Tcell,VEGFA,KDR
Dataset_A,Dataset_A_S06,Method_D,Tcell,Endothelial,ANGPT1,TEK
Dataset_A,Dataset_A_S06,Method_D,Myeloid,Tumor,ANGPT1,TEK
Dataset_A,Dataset_A_S07,Method_A,Bcell,Endothelial,CXCL12,CXCR4
Dataset_A,Dataset_A_S07,Method_A,Tumor,Fibroblast,TGFB1,TGFBR2
Dataset_A,Dataset_A_S07,Method_A,Myeloid,Fibroblast,CSF1,CSF1R
Dataset_A,Dataset_A_S07,Method_A,Endothelial,Tcell,IFNG,IFNGR1
Dataset_A,Dataset_A_S07,Method_A,Endothelial,Tumor,VEGFA,KDR
Dataset_A,Dataset_A_S07,Method_A,Tcell,Endothelial,PDL1,PDCD1
Dataset_A,Dataset_A_S07,Method_A,Myeloid,Fibroblast,TNF,TNFRSF1A
Dataset_A,Dataset_A_S07,Method_A,Myeloid,Bcell,CSF1,CSF1R
Dataset_A,Dataset_A_S07,Method_A,Tcell,Bcell,CSF1,CSF1R
Dataset_A,Dataset_A_S07,Method_A,Endothelial,Tumor,IFNG,IFNGR1
Dataset_A,Dataset_A_S07,Method_A,Endothelial,Bcell,IL10,IL10RA
Dataset_A,Dataset_A_S07,Method_A,Myeloid,Tcell,TNF,TNFRSF1A
Dataset_A,Dataset_A_S07,Method_A,Myeloid,Tcell,CXCL12,CXCR4
Dataset_A,Dataset_A_S07,Method_A,Endothelial,Fibroblast,IL10,IL10RA
Dataset_A,Dataset_A_S07,Method_A,Tcell,Bcell,ANGPT1,TEK
Dataset_A,Dataset_A_S07,Method_A,Fibroblast,Tcell,CSF1,CSF1R
Dataset_A,Dataset_A_S07,Method_A,Fibroblast,Endothelial,CSF1,CSF1R
Dataset_A,Dataset_A_S07,Method_A,Bcell,Endothelial,PDL1,PDCD1
Dataset_A,Dataset_A_S07,Method_A,Bcell,Tcell,CSF1,CSF1R
Dataset_A,Dataset_A_S07,Method_A,Myeloid,Endothelial,CXCL12,CXCR4
Dataset_A,Dataset_A_S07,Method_A,Bcell,Myeloid,IL10,IL10RA
Dataset_A,Dataset_A_S07,Method_A,Tcell,Fibroblast,CXCL12,CXCR4
Dataset_A,Dataset_A_S07,Method_A,Myeloid,Tumor,TNF,TNFRSF1A
Dataset_A,Dataset_A_S07,Method_A,Tumor,Myeloid,TNF,TNFRSF1A
Dataset_A,Dataset_A_S07,Method_A,Tumor,Bcell,TGFB1,TGFBR2
Dataset_A,Dataset_A_S07,Method_A,Tcell,Fibroblast,ANGPT1,TEK
Dataset_A,Dataset_A_S07,Method_A,Tumor,Fibroblast,CCL2,CCR2
Dataset_A,Dataset_A_S07,Method_A,Endothelial,Myeloid,VEGFA,KDR
Dataset_A,Dataset_A_S07,Method_A,Bcell,Tcell,PDL1,PDCD1
Dataset_A,Dataset_A_S07,Method_A,Endothelial,Fibroblast,ANGPT1,TEK
Dataset_A,Dataset_A_S07,Method_A,Endothelial,Tcell,PDL1,PDCD1
Dataset_A,Dataset_A_S07,Method_A,Fibroblast,Bcell,IL10,IL10RA
Dataset_A,Dataset_A_S07,Method_A,Tcell,Fibroblast,CCL2,CCR2
Dataset_A,Dataset_A_S07,Method_A,Endothelial,Tcell,CXCL12,CXCR4
Dataset_A,Dataset_A_S07,Method_B,Bcell,Endothelial,CXCL12,CXCR4
Dataset_A,Dataset_A_S07,Method_B,Myeloid,Endothelial,IFNG,IFNGR1
Dataset_A,Dataset_A_S07,Method_B,Endothelial,Tumor,VEGFA,KDR
Dataset_A,Dataset_A_S07,Method_B,Myeloid,Bcell,CSF1,CSF1R
Dataset_A,Dataset_A_S07,Method_B,Tcell,Endothelial,CCL2,CCR2
Dataset_A,Dataset_A_S07,Method_B,Tcell,Bcell,CSF1,CSF1R
Dataset_A,Dataset_A_S07,Method_B,Myeloid,Endothelial,CCL2,CCR2
Dataset_A,Dataset_A_S07,Method_B,Myeloid,Tcell,CCL2,CCR2
Dataset_A,Dataset_A_S07,Method_B,Myeloid,Tcell,TNF,TNFRSF1A
Dataset_A,Dataset_A_S07,Method_B,Fibroblast,Endothelial,CSF1,CSF1R
Dataset_A,Dataset_A_S07,Method_B,Endothelial,Fibroblast,IL10,IL10RA
Dataset_A,Dataset_A_S07,Method_B,Tcell,Bcell,ANGPT1,TEK
Dataset_A,Dataset_A_S07,Method_B,Endothelial,Bcell,VEGFA,KDR
Dataset_A,Dataset_A_S07,Method_B,Tcell,Myeloid,PDL1,PDCD1
Dataset_A,Dataset_A_S07,Method_B,Fibroblast,Endothelial,TGFB1,TGFBR2
Dataset_A,Dataset_A_S07,Method_B,Bcell,Tcell,CSF1,CSF1R
Dataset_A,Dataset_A_S07,Method_B,Myeloid,Tumor,TNF,TNFRSF1A
Dataset_A,Dataset_A_S07,Method_B,Tumor,Myeloid,TNF,TNFRSF1A
Dataset_A,Dataset_A_S07,Method_B,Bcell,Myeloid,TNF,TNFRSF1A
Dataset_A,Dataset_A_S07,Method_B,Fibroblast,Endothelial,TNF,TNFRSF1A
Dataset_A,Dataset_A_S07,Method_B,Myeloid,Tcell,ANGPT1,TEK
Dataset_A,Dataset_A_S07,Method_B,Fibroblast,Tumor,TGFB1,TGFBR2
Dataset_A,Dataset_A_S07,Method_B,Endothelial,Myeloid,VEGFA,KDR
Dataset_A,Dataset_A_S07,Method_B,Endothelial,Fibroblast,ANGPT1,TEK
Dataset_A,Dataset_A_S07,Method_B,Myeloid,Endothelial,TGFB1,TGFBR2
Dataset_A,Dataset_A_S07,Method_B,Endothelial,Myeloid,PDL1,PDCD1
Dataset_A,Dataset_A_S07,Method_B,Tcell,Fibroblast,CCL2,CCR2
Dataset_A,Dataset_A_S07,Method_B,Endothelial,Tcell,CXCL12,CXCR4
Dataset_A,Dataset_A_S07,Method_C,Myeloid,Endothelial,IFNG,IFNGR1
Dataset_A,Dataset_A_S07,Method_C,Endothelial,Tumor,VEGFA,KDR
Dataset_A,Dataset_A_S07,Method_C,Tcell,Bcell,VEGFA,KDR
Dataset_A,Dataset_A_S07,Method_C,Fibroblast,Myeloid,PDL1,PDCD1
Dataset_A,Dataset_A_S07,Method_C,Fibroblast,Tumor,TGFB1,TGFBR2
Dataset_A,Dataset_A_S07,Method_C,Tcell,Bcell,CSF1,CSF1R
Dataset_A,Dataset_A_S07,Method_C,Fibroblast,Endothelial,CXCL12,CXCR4
Dataset_A,Dataset_A_S07,Method_C,Endothelial,Fibroblast,IL10,IL10RA
Dataset_A,Dataset_A_S07,Method_C,Fibroblast,Tcell,CSF1,CSF1R
Dataset_A,Dataset_A_S07,Method_C,Endothelial,Tcell,TGFB1,TGFBR2
Dataset_A,Dataset_A_S07,Method_C,Bcell,Tumor,PDL1,PDCD1
Dataset_A,Dataset_A_S07,Method_C,Tcell,Fibroblast,CXCL12,CXCR4
Dataset_A,Dataset_A_S07,Method_C,Myeloid,Tumor,TNF,TNFRSF1A
Dataset_A,Dataset_A_S07,Method_C,Fibroblast,Bcell,IL10,IL10RA
Dataset_A,Dataset_A_S07,Method_C,Endothelial,Tcell,CXCL12,CXCR4
Dataset_A,Dataset_A_S07,Method_D,Myeloid,Fibroblast,CSF1,CSF1R
Dataset_A,Dataset_A_S07,Method_D,Endothelial,Tcell,IFNG,IFNGR1
Dataset_A,Dataset_A_S07,Method_D,Tcell,Endothelial,PDL1,PDCD1
Dataset_A,Dataset_A_S07,Method_D,Endothelial,Tumor,VEGFA,KDR
Dataset_A,Dataset_A_S07,Method_D,Bcell,Tcell,TNF,TNFRSF1A
Dataset_A,Dataset_A_S07,Method_D,Endothelial,Tumor,IFNG,IFNGR1
Dataset_A,Dataset_A_S07,Method_D,Myeloid,Tcell,TNF,TNFRSF1A
Dataset_A,Dataset_A_S07,Method_D,Myeloid,Tcell,CXCL12,CXCR4
Dataset_A,Dataset_A_S07,Method_D,Endothelial,Fibroblast,IL10,IL10RA
Dataset_A,Dataset_A_S07,Method_D,Tcell,Bcell,ANGPT1,TEK
Dataset_A,Dataset_A_S07,Method_D,Fibroblast,Tcell,CSF1,CSF1R
Dataset_A,Dataset_A_S07,Method_D,Endothelial,Bcell,VEGFA,KDR
Dataset_A,Dataset_A_S07,Method_D,Fibroblast,Endothelial,TGFB1,TGFBR2
Dataset_A,Dataset_A_S07,Method_D,Myeloid,Endothelial,CXCL12,CXCR4
Dataset_A,Dataset_A_S07,Method_D,Tcell,Myeloid,CXCL12,CXCR4
Dataset_A,Dataset_A_S07,Method_D,Tcell,Bcell,VEGFA,KDR
Dataset_A,Dataset_A_S07,Method_D,Tcell,Bcell,TGFB1,TGFBR2
Dataset_A,Dataset_A_S07,Method_D,Tumor,Myeloid,ANGPT1,TEK
Dataset_A,Dataset_A_S07,Method_D,Bcell,Tcell,TGFB1,TGFBR2
Dataset_A,Dataset_A_S07,Method_D,Bcell,Tcell,PDL1,PDCD1
Dataset_A,Dataset_A_S07,Method_D,Myeloid,Tumor,CSF1,CSF1R
Dataset_A,Dataset_A_S07,Method_D,Tcell,Bcell,CCL2,CCR2
Dataset_A,Dataset_A_S07,Method_D,Myeloid,Endothelial,TGFB1,TGFBR2
Dataset_A,Dataset_A_S07,Method_D,Bcell,Fibroblast,VEGFA,KDR
Dataset_A,Dataset_A_S07,Method_D,Fibroblast,Bcell,IL10,IL10RA
Dataset_A,Dataset_A_S07,Method_D,Endothelial,Tcell,CXCL12,CXCR4
Dataset_A,Dataset_A_S07,Method_D,Endothelial,Myeloid,CXCL12,CXCR4
Dataset_A,Dataset_A_S07,Method_D,Myeloid,Endothelial,IFNG,IFNGR1
Dataset_A,Dataset_A_S07,Method_D,Myeloid,Fibroblast,TNF,TNFRSF1A
Dataset_A,Dataset_A_S07,Method_D,Tumor,Endothelial,CCL2,CCR2
Dataset_A,Dataset_A_S07,Method_D,Tcell,Bcell,CSF1,CSF1R
Dataset_A,Dataset_A_S07,Method_D,Myeloid,Tcell,CCL2,CCR2
Dataset_A,Dataset_A_S07,Method_D,Fibroblast,Endothelial,CSF1,CSF1R
Dataset_A,Dataset_A_S07,Method_D,Bcell,Endothelial,PDL1,PDCD1
Dataset_A,Dataset_A_S07,Method_D,Tcell,Myeloid,PDL1,PDCD1
Dataset_A,Dataset_A_S07,Method_D,Bcell,Tcell,CSF1,CSF1R
Dataset_A,Dataset_A_S07,Method_D,Tcell,Myeloid,TGFB1,TGFBR2
Dataset_A,Dataset_A_S07,Method_D,Tcell,Tumor,CCL2,CCR2
Dataset_A,Dataset_A_S07,Method_D,Tcell,Fibroblast,CXCL12,CXCR4
Dataset_A,Dataset_A_S07,Method_D,Myeloid,Tumor,TNF,TNFRSF1A
Dataset_A,Dataset_A_S07,Method_D,Fibroblast,Bcell,CSF1,CSF1R
Dataset_A,Dataset_A_S07,Method_D,Bcell,Endothelial,IL10,IL10RA
Dataset_A,Dataset_A_S07,Method_D,Tcell,Fibroblast,ANGPT1,TEK
Dataset_A,Dataset_A_S07,Method_D,Tumor,Bcell,TGFB1,TGFBR2
Dataset_A,Dataset_A_S07,Method_D,Fibroblast,Tcell,IL10,IL10RA
Dataset_A,Dataset_A_S07,Method_D,Tumor,Fibroblast,CSF1,CSF1R
Dataset_A,Dataset_A_S07,Method_D,Endothelial,Myeloid,CCL2,CCR2
Dataset_A,Dataset_A_S07,Method_D,Endothelial,Tcell,ANGPT1,TEK
Dataset_A,Dataset_A_S07,Method_D,Myeloid,Bcell,PDL1,PDCD1
Dataset_A,Dataset_A_S07,Method_D,Tcell,Tumor,PDL1,PDCD1
Dataset_A,Dataset_A_S07,Method_D,Endothelial,Myeloid,VEGFA,KDR
Dataset_A,Dataset_A_S07,Method_D,Fibroblast,Endothelial,CXCL12,CXCR4
Dataset_A,Dataset_A_S07,Method_D,Fibroblast,Myeloid,TNF,TNFRSF1A
Dataset_A,Dataset_A_S07,Method_D,Endothelial,Fibroblast,ANGPT1,TEK
Dataset_A,Dataset_A_S07,Method_D,Endothelial,Tcell,PDL1,PDCD1
Dataset_A,Dataset_A_S07,Method_D,Myeloid,Bcell,CSF1,CSF1R
Dataset_A,Dataset_A_S08,Method_A,Bcell,Endothelial,CXCL12,CXCR4
Dataset_A,Dataset_A_S08,Method_A,Tumor,Fibroblast,CXCL12,CXCR4
Dataset_A,Dataset_A_S08,Method_A,Tcell,Fibroblast,PDL1,PDCD1
Dataset_A,Dataset_A_S08,Method_A,Endothelial,Tcell,IFNG,IFNGR1
Dataset_A,Dataset_A_S08,Method_A,Tcell,Bcell,TNF,TNFRSF1A
Dataset_A,Dataset_A_S08,Method_A,Myeloid,Endothelial,IL10,IL10RA
Dataset_A,Dataset_A_S08,Method_A,Myeloid,Fibroblast,TNF,TNFRSF1A
Dataset_A,Dataset_A_S08,Method_A,Fibroblast,Bcell,VEGFA,KDR
Dataset_A,Dataset_A_S08,Method_A,Fibroblast,Endothelial,IL10,IL10RA
Dataset_A,Dataset_A_S08,Method_A,Myeloid,Bcell,IL10,IL10RA
Dataset_A,Dataset_A_S08,Method_A,Tumor,Myeloid,PDL1,PDCD1
Dataset_A,Dataset_A_S08,Method_A,Tumor,Bcell,ANGPT1,TEK
Dataset_A,Dataset_A_S08,Method_A,Tcell,Bcell,ANGPT1,TEK
Dataset_A,Dataset_A_S08,Method_A,Bcell,Tumor,CXCL12,CXCR4
Dataset_A,Dataset_A_S08,Method_A,Endothelial,Fibroblast,IFNG,IFNGR1
Dataset_A,Dataset_A_S08,Method_A,Endothelial,Fibroblast,CCL2,CCR2
Dataset_A,Dataset_A_S08,Method_A,Fibroblast,Tcell,TNF,TNFRSF1A
Dataset_A,Dataset_A_S08,Method_A,Tcell,Endothelial,VEGFA,KDR
Dataset_A,Dataset_A_S08,Method_A,Tumor,Tcell,PDL1,PDCD1
Dataset_A,Dataset_A_S08,Method_A,Tcell,Fibroblast,CXCL12,CXCR4
Dataset_A,Dataset_A_S08,Method_A,Endothelial,Fibroblast,CXCL12,CXCR4
Dataset_A,Dataset_A_S08,Method_A,Bcell,Myeloid,VEGFA,KDR
Dataset_A,Dataset_A_S08,Method_A,Myeloid,Tumor,CCL2,CCR2
Dataset_A,Dataset_A_S08,Method_A,Bcell,Endothelial,IFNG,IFNGR1
Dataset_A,Dataset_A_S08,Method_A,Endothelial,Tumor,CSF1,CSF1R
Dataset_A,Dataset_A_S08,Method_A,Myeloid,Tcell,ANGPT1,TEK
Dataset_A,Dataset_A_S08,Method_A,Tcell,Fibroblast,CSF1,CSF1R
Dataset_A,Dataset_A_S08,Method_A,Tumor,Myeloid,ANGPT1,TEK
Dataset_A,Dataset_A_S08,Method_A,Bcell,Tcell,TGFB1,TGFBR2
Dataset_A,Dataset_A_S08,Method_A,Endothelial,Myeloid,VEGFA,KDR
Dataset_A,Dataset_A_S08,Method_A,Tcell,Tumor,CXCL12,CXCR4
Dataset_A,Dataset_A_S08,Method_A,Endothelial,Fibroblast,ANGPT1,TEK
Dataset_A,Dataset_A_S08,Method_A,Fibroblast,Tumor,IFNG,IFNGR1
Dataset_A,Dataset_A_S08,Method_A,Tumor,Bcell,TNF,TNFRSF1A
Dataset_A,Dataset_A_S08,Method_A,Tumor,Endothelial,IL10,IL10RA
Dataset_A,Dataset_A_S08,Method_B,Bcell,Endothelial,CXCL12,CXCR4
Dataset_A,Dataset_A_S08,Method_B,Tumor,Tcell,IL10,IL10RA
Dataset_A,Dataset_A_S08,Method_B,Fibroblast,Tcell,TGFB1,TGFBR2
Dataset_A,Dataset_A_S08,Method_B,Tcell,Bcell,TNF,TNFRSF1A
Dataset_A,Dataset_A_S08,Method_B,Myeloid,Endothelial,IL10,IL10RA
Dataset_A,Dataset_A_S08,Method_B,Myeloid,Bcell,IL10,IL10RA
Dataset_A,Dataset_A_S08,Method_B,Tumor,Myeloid,PDL1,PDCD1
Dataset_A,Dataset_A_S08,Method_B,Tcell,Myeloid,IL10,IL10RA
Dataset_A,Dataset_A_S08,Method_B,Bcell,Fibroblast,PDL1,PDCD1
Dataset_A,Dataset_A_S08,Method_B,Bcell,Tumor,ANGPT1,TEK
Dataset_A,Dataset_A_S08,Method_B,Endothelial,Fibroblast,IFNG,IFNGR1
Dataset_A,Dataset_A_S08,Method_B,Endothelial,Bcell,TGFB1,TGFBR2
Dataset_A,Dataset_A_S08,Method_B,Bcell,Tumor,CXCL12,CXCR4
Dataset_A,Dataset_A_S08,Method_B,Myeloid,Bcell,TGFB1,TGFBR2
Dataset_A,Dataset_A_S08,Method_B,Tcell,Endothelial,VEGFA,KDR
Dataset_A,Dataset_A_S08,Method_B,Myeloid,Fibroblast,CCL2,CCR2
Dataset_A,Dataset_A_S08,Method_B,Bcell,Myeloid,VEGFA,KDR
Dataset_A,Dataset_A_S08,Method_B,Bcell,Myeloid,CXCL12,CXCR4
Dataset_A,Dataset_A_S08,Method_B,Bcell,Myeloid,TGFB1,TGFBR2
Dataset_A,Dataset_A_S08,Method_B,Tumor,Bcell,PDL1,PDCD1
Dataset_A,Dataset_A_S08,Method_B,Endothelial,Tumor,CSF1,CSF1R
Dataset_A,Dataset_A_S08,Method_B,Tcell,Fibroblast,CSF1,CSF1R
Dataset_A,Dataset_A_S08,Method_B,Endothelial,Myeloid,VEGFA,KDR
Dataset_A,Dataset_A_S08,Method_B,Myeloid,Bcell,CXCL12,CXCR4
Dataset_A,Dataset_A_S08,Method_B,Endothelial,Fibroblast,ANGPT1,TEK
Dataset_A,Dataset_A_S08,Method_B,Bcell,Tumor,IL10,IL10RA
Dataset_A,Dataset_A_S08,Method_B,Tumor,Endothelial,IL10,IL10RA
Dataset_A,Dataset_A_S08,Method_B,Bcell,Tumor,TGFB1,TGFBR2
Dataset_A,Dataset_A_S08,Method_B,Tumor,Fibroblast,PDL1,PDCD1
Dataset_A,Dataset_A_S08,Method_B,Tcell,Tumor,CSF1,CSF1R
Dataset_A,Dataset_A_S08,Method_B,Fibroblast,Bcell,IFNG,IFNGR1
Dataset_A,Dataset_A_S08,Method_C,Bcell,Myeloid,TGFB1,TGFBR2
Dataset_A,Dataset_A_S08,Method_C,Myeloid,Endothelial,IL10,IL10RA
Dataset_A,Dataset_A_S08,Method_C,Endothelial,Tumor,CSF1,CSF1R
Dataset_A,Dataset_A_S08,Method_C,Tcell,Fibroblast,CSF1,CSF1R
Dataset_A,Dataset_A_S08,Method_C,Myeloid,Endothelial,PDL1,PDCD1
Dataset_A,Dataset_A_S08,Method_C,Endothelial,Tumor,IFNG,IFNGR1
Dataset_A,Dataset_A_S08,Method_C,Endothelial,Fibroblast,CXCL12,CXCR4
Dataset_A,Dataset_A_S08,Method_C,Endothelial,Myeloid,VEGFA,KDR
Dataset_A,Dataset_A_S08,Method_C,Tcell,Tumor,CXCL12,CXCR4
Dataset_A,Dataset_A_S08,Method_C,Endothelial,Fibroblast,ANGPT1,TEK
Dataset_A,Dataset_A_S08,Method_C,Fibroblast,Tcell,TNF,TNFRSF1A
Dataset_A,Dataset_A_S08,Method_C,Endothelial,Bcell,TGFB1,TGFBR2
Dataset_A,Dataset_A_S08,Method_C,Bcell,Myeloid,IL10,IL10RA
Dataset_A,Dataset_A_S08,Method_C,Tcell,Fibroblast,CXCL12,CXCR4
Dataset_A,Dataset_A_S08,Method_C,Tcell,Tumor,CSF1,CSF1R
Dataset_A,Dataset_A_S08,Method_D,Endothelial,Tcell,IFNG,IFNGR1
Dataset_A,Dataset_A_S08,Method_D,Tcell,Fibroblast,PDL1,PDCD1
Dataset_A,Dataset_A_S08,Method_D,Bcell,Tcell,TNF,TNFRSF1A
Dataset_A,Dataset_A_S08,Method_D,Endothelial,Tumor,VEGFA,KDR
Dataset_A,Dataset_A_S08,Method_D,Tcell,Endothelial,CCL2,CCR2
Dataset_A,Dataset_A_S08,Method_D,Endothelial,Tumor,IFNG,IFNGR1
Dataset_A,Dataset_A_S08,Method_D,Fibroblast,Endothelial,IL10,IL10RA
Dataset_A,Dataset_A_S08,Method_D,Bcell,Tumor,TNF,TNFRSF1A
Dataset_A,Dataset_A_S08,Method_D,Bcell,Fibroblast,TNF,TNFRSF1A
Dataset_A,Dataset_A_S08,Method_D,Bcell,Tumor,CXCL12,CXCR4
Dataset_A,Dataset_A_S08,Method_D,Endothelial,Bcell,TGFB1,TGFBR2
Dataset_A,Dataset_A_S08,Method_D,Endothelial,Fibroblast,CCL2,CCR2
Dataset_A,Dataset_A_S08,Method_D,Endothelial,Fibroblast,IFNG,IFNGR1
Dataset_A,Dataset_A_S08,Method_D,Tcell,Endothelial,VEGFA,KDR
Dataset_A,Dataset_A_S08,Method_D,Myeloid,Tumor,CCL2,CCR2
Dataset_A,Dataset_A_S08,Method_D,Tumor,Endothelial,ANGPT1,TEK
Dataset_A,Dataset_A_S08,Method_D,Bcell,Myeloid,CXCL12,CXCR4
Dataset_A,Dataset_A_S08,Method_D,Tcell,Bcell,VEGFA,KDR
Dataset_A,Dataset_A_S08,Method_D,Endothelial,Tumor,CSF1,CSF1R
Dataset_A,Dataset_A_S08,Method_D,Tcell,Fibroblast,CSF1,CSF1R
Dataset_A,Dataset_A_S08,Method_D,Myeloid,Tcell,ANGPT1,TEK
Dataset_A,Dataset_A_S08,Method_D,Fibroblast,Endothelial,CCL2,CCR2
Dataset_A,Dataset_A_S08,Method_D,Bcell,Tcell,TGFB1,TGFBR2
Dataset_A,Dataset_A_S08,Method_D,Myeloid,Bcell,CXCL12,CXCR4
Dataset_A,Dataset_A_S08,Method_D,Tcell,Tumor,CXCL12,CXCR4
Dataset_A,Dataset_A_S08,Method_D,Tcell,Fibroblast,IL10,IL10RA
Dataset_A,Dataset_A_S08,Method_D,Tumor,Bcell,TNF,TNFRSF1A
Dataset_A,Dataset_A_S08,Method_D,Tumor,Endothelial,IL10,IL10RA
Dataset_A,Dataset_A_S08,Method_D,Fibroblast,Bcell,IFNG,IFNGR1
Dataset_A,Dataset_A_S08,Method_D,Bcell,Endothelial,CXCL12,CXCR4
Dataset_A,Dataset_A_S08,Method_D,Bcell,Fibroblast,IL10,IL10RA
Dataset_A,Dataset_A_S08,Method_D,Fibroblast,Tcell,TNF,TNFRSF1A
Dataset_A,Dataset_A_S08,Method_D,Endothelial,Fibroblast,CXCL12,CXCR4
Dataset_A,Dataset_A_S08,Method_D,Tcell,Fibroblast,CXCL12,CXCR4
Dataset_A,Dataset_A_S08,Method_D,Myeloid,Fibroblast,PDL1,PDCD1
Dataset_A,Dataset_A_S08,Method_D,Myeloid,Fibroblast,CCL2,CCR2
Dataset_A,Dataset_A_S08,Method_D,Bcell,Myeloid,VEGFA,KDR
Dataset_A,Dataset_A_S08,Method_D,Endothelial,Myeloid,VEGFA,KDR
Dataset_A,Dataset_A_S08,Method_D,Myeloid,Tcell,CSF1,CSF1R
Dataset_A,Dataset_A_S08,Method_D,Tcell,Bcell,TNF,TNFRSF1A
Dataset_A,Dataset_A_S08,Method_D,Tcell,Bcell,CXCL12,CXCR4
Dataset_A,Dataset_A_S08,Method_D,Tcell,Tumor,CSF1,CSF1R
Dataset_A,Dataset_A_S08,Method_D,Endothelial,Tumor,TGFB1,TGFBR2
Dataset_A,Dataset_A_S09,Method_A,Fibroblast,Tcell,VEGFA,KDR
Dataset_A,Dataset_A_S09,Method_A,Tcell,Fibroblast,PDL1,PDCD1
Dataset_A,Dataset_A_S09,Method_A,Endothelial,Tumor,VEGFA,KDR
Dataset_A,Dataset_A_S09,Method_A,Fibroblast,Endothelial,IL10,IL10RA
Dataset_A,Dataset_A_S09,Method_A,Fibroblast,Bcell,TNF,TNFRSF1A
Dataset_A,Dataset_A_S09,Method_A,Tumor,Fibroblast,ANGPT1,TEK
Dataset_A,Dataset_A_S09,Method_A,Tcell,Endothelial,TGFB1,TGFBR2
Dataset_A,Dataset_A_S09,Method_A,Myeloid,Tumor,CCL2,CCR2
Dataset_A,Dataset_A_S09,Method_A,Bcell,Myeloid,CXCL12,CXCR4
Dataset_A,Dataset_A_S09,Method_A,Tcell,Bcell,TGFB1,TGFBR2
Dataset_A,Dataset_A_S09,Method_A,Myeloid,Endothelial,ANGPT1,TEK
Dataset_A,Dataset_A_S09,Method_A,Tumor,Fibroblast,IL10,IL10RA
Dataset_A,Dataset_A_S09,Method_A,Tcell,Fibroblast,CCL2,CCR2
Dataset_A,Dataset_A_S09,Method_A,Bcell,Tumor,VEGFA,KDR
Dataset_A,Dataset_A_S09,Method_A,Bcell,Fibroblast,VEGFA,KDR
Dataset_A,Dataset_A_S09,Method_A,Fibroblast,Bcell,IL10,IL10RA
Dataset_A,Dataset_A_S09,Method_A,Bcell,Endothelial,TNF,TNFRSF1A
Dataset_A,Dataset_A_S09,Method_A,Tumor,Endothelial,CCL2,CCR2
Dataset_A,Dataset_A_S09,Method_A,Myeloid,Bcell,ANGPT1,TEK
Dataset_A,Dataset_A_S09,Method_A,Tumor,Myeloid,IFNG,IFNGR1
Dataset_A,Dataset_A_S09,Method_A,Bcell,Fibroblast,IFNG,IFNGR1
Dataset_A,Dataset_A_S09,Method_A,Tumor,Myeloid,PDL1,PDCD1
Dataset_A,Dataset_A_S09,Method_A,Fibroblast,Endothelial,CSF1,CSF1R
Dataset_A,Dataset_A_S09,Method_A,Endothelial,Fibroblast,TNF,TNFRSF1A
Dataset_A,Dataset_A_S09,Method_A,Bcell,Endothelial,IL10,IL10RA
Dataset_A,Dataset_A_S09,Method_A,Endothelial,Myeloid,CCL2,CCR2
Dataset_A,Dataset_A_S09,Method_A,Tumor,Fibroblast,CSF1,CSF1R
Dataset_A,Dataset_A_S09,Method_A,Tcell,Myeloid,IFNG,IFNGR1
Dataset_A,Dataset_A_S09,Method_A,Fibroblast,Tcell,IL10,IL10RA
Dataset_A,Dataset_A_S09,Method_A,Myeloid,Tumor,CXCL12,CXCR4
Dataset_A,Dataset_A_S09,Method_A,Fibroblast,Endothelial,TNF,TNFRSF1A
Dataset_A,Dataset_A_S09,Method_A,Fibroblast,Tumor,TGFB1,TGFBR2
Dataset_A,Dataset_A_S09,Method_A,Tcell,Endothelial,TNF,TNFRSF1A
Dataset_A,Dataset_A_S09,Method_A,Endothelial,Bcell,ANGPT1,TEK
Dataset_A,Dataset_A_S09,Method_A,Fibroblast,Tcell,CCL2,CCR2
Dataset_A,Dataset_A_S09,Method_A,Endothelial,Bcell,CXCL12,CXCR4
Dataset_A,Dataset_A_S09,Method_A,Endothelial,Myeloid,TGFB1,TGFBR2
Dataset_A,Dataset_A_S09,Method_A,Bcell,Tcell,CXCL12,CXCR4
Dataset_A,Dataset_A_S09,Method_A,Fibroblast,Tumor,PDL1,PDCD1
Dataset_A,Dataset_A_S09,Method_A,Endothelial,Myeloid,IL10,IL10RA
Dataset_A,Dataset_A_S09,Method_A,Tcell,Myeloid,CSF1,CSF1R
Dataset_A,Dataset_A_S09,Method_A,Endothelial,Tcell,PDL1,PDCD1
Dataset_A,Dataset_A_S09,Method_A,Myeloid,Bcell,CSF1,CSF1R
Dataset_A,Dataset_A_S09,Method_A,Fibroblast,Tcell,PDL1,PDCD1
Dataset_A,Dataset_A_S09,Method_B,Myeloid,Endothelial,VEGFA,KDR
Dataset_A,Dataset_A_S09,Method_B,Tcell,Fibroblast,PDL1,PDCD1
Dataset_A,Dataset_A_S09,Method_B,Tumor,Endothelial,CCL2,CCR2
Dataset_A,Dataset_A_S09,Method_B,Myeloid,Bcell,CSF1,CSF1R
Dataset_A,Dataset_A_S09,Method_B,Fibroblast,Bcell,VEGFA,KDR
Dataset_A,Dataset_A_S09,Method_B,Bcell,Fibroblast,TGFB1,TGFBR2
Dataset_A,Dataset_A_S09,Method_B,Myeloid,Endothelial,PDL1,PDCD1
Dataset_A,Dataset_A_S09,Method_B,Fibroblast,Endothelial,IL10,IL10RA
Dataset_A,Dataset_A_S09,Method_B,Myeloid,Tumor,PDL1,PDCD1
Dataset_A,Dataset_A_S09,Method_B,Endothelial,Bcell,IFNG,IFNGR1
Dataset_A,Dataset_A_S09,Method_B,Fibroblast,Bcell,TNF,TNFRSF1A
Dataset_A,Dataset_A_S09,Method_B,Tumor,Fibroblast,ANGPT1,TEK
Dataset_A,Dataset_A_S09,Method_B,Endothelial,Fibroblast,TNF,TNFRSF1A
Dataset_A,Dataset_A_S09,Method_B,Endothelial,Fibroblast,CXCL12,CXCR4
Dataset_A,Dataset_A_S09,Method_B,Tcell,Myeloid,CXCL12,CXCR4
Dataset_A,Dataset_A_S09,Method_B,Fibroblast,Tumor,CXCL12,CXCR4
Dataset_A,Dataset_A_S09,Method_B,Myeloid,Tumor,CCL2,CCR2
Dataset_A,Dataset_A_S09,Method_B,Bcell,Myeloid,CXCL12,CXCR4
Dataset_A,Dataset_A_S09,Method_B,Tcell,Myeloid,IFNG,IFNGR1
Dataset_A,Dataset_A_S09,Method_B,Endothelial,Bcell,CSF1,CSF1R
Dataset_A,Dataset_A_S09,Method_B,Fibroblast,Endothelial,TNF,TNFRSF1A
Dataset_A,Dataset_A_S09,Method_B,Tumor,Myeloid,ANGPT1,TEK
Dataset_A,Dataset_A_S09,Method_B,Endothelial,Bcell,ANGPT1,TEK
Dataset_A,Dataset_A_S09,Method_B,Endothelial,Bcell,CXCL12,CXCR4
Dataset_A,Dataset_A_S09,Method_B,Bcell,Tcell,CXCL12,CXCR4
Dataset_A,Dataset_A_S09,Method_B,Fibroblast,Tumor,PDL1,PDCD1
Dataset_A,Dataset_A_S09,Method_B,Tumor,Bcell,VEGFA,KDR
Dataset_A,Dataset_A_S09,Method_B,Tcell,Myeloid,CSF1,CSF1R
Dataset_A,Dataset_A_S09,Method_B,Bcell,Tumor,TGFB1,TGFBR2
Dataset_A,Dataset_A_S09,Method_B,Tcell,Fibroblast,CCL2,CCR2
Dataset_A,Dataset_A_S09,Method_C,Bcell,Myeloid,CXCL12,CXCR4
Dataset_A,Dataset_A_S09,Method_C,Tumor,Fibroblast,CSF1,CSF1R
Dataset_A,Dataset_A_S09,Method_C,Endothelial,Myeloid,CCL2,CCR2
Dataset_A,Dataset_A_S09,Method_C,Tumor,Endothelial,CCL2,CCR2
Dataset_A,Dataset_A_S09,Method_C,Myeloid,Bcell,CSF1,CSF1R
Dataset_A,Dataset_A_S09,Method_C,Fibroblast,Endothelial,TNF,TNFRSF1A
Dataset_A,Dataset_A_S09,Method_C,Tcell,Bcell,TGFB1,TGFBR2
Dataset_A,Dataset_A_S09,Method_C,Myeloid,Tumor,CCL2,CCR2
Dataset_A,Dataset_A_S09,Method_C,Tcell,Bcell,CSF1,CSF1R
Dataset_A,Dataset_A_S09,Method_C,Tumor,Myeloid,ANGPT1,TEK
Dataset_A,Dataset_A_S09,Method_C,Myeloid,Tumor,PDL1,PDCD1
Dataset_A,Dataset_A_S09,Method_C,Bcell,Fibroblast,PDL1,PDCD1
Dataset_A,Dataset_A_S09,Method_C,Tcell,Endothelial,TGFB1,TGFBR2
Dataset_A,Dataset_A_S09,Method_C,Tcell,Fibroblast,CCL2,CCR2
Dataset_A,Dataset_A_S09,Method_C,Bcell,Endothelial,IL10,IL10RA
Dataset_A,Dataset_A_S09,Method_C,Bcell,Endothelial,TNF,TNFRSF1A
Dataset_A,Dataset_A_S09,Method_D,Tcell,Fibroblast,PDL1,PDCD1
Dataset_A,Dataset_A_S09,Method_D,Myeloid,Bcell,CSF1,CSF1R
Dataset_A,Dataset_A_S09,Method_D,Tcell,Endothelial,CCL2,CCR2
Dataset_A,Dataset_A_S09,Method_D,Fibroblast,Endothelial,IL10,IL10RA
Dataset_A,Dataset_A_S09,Method_D,Myeloid,Tumor,PDL1,PDCD1
Dataset_A,Dataset_A_S09,Method_D,Endothelial,Bcell,IL10,IL10RA
Dataset_A,Dataset_A_S09,Method_D,Fibroblast,Myeloid,ANGPT1,TEK
Dataset_A,Dataset_A_S09,Method_D,Endothelial,Bcell,CCL2,CCR2
Dataset_A,Dataset_A_S09,Method_D,Endothelial,Fibroblast,PDL1,PDCD1
Dataset_A,Dataset_A_S09,Method_D,Fibroblast,Bcell,TNF,TNFRSF1A
Dataset_A,Dataset_A_S09,Method_D,Tumor,Fibroblast,ANGPT1,TEK
Dataset_A,Dataset_A_S09,Method_D,Tcell,Endothelial,TGFB1,TGFBR2
Dataset_A,Dataset_A_S09,Method_D,Fibroblast,Myeloid,VEGFA,KDR
Dataset_A,Dataset_A_S09,Method_D,Myeloid,Tumor,CCL2,CCR2
Dataset_A,Dataset_A_S09,Method_D,Bcell,Myeloid,CXCL12,CXCR4
Dataset_A,Dataset_A_S09,Method_D,Tcell,Bcell,TGFB1,TGFBR2
Dataset_A,Dataset_A_S09,Method_D,Myeloid,Tcell,ANGPT1,TEK
Dataset_A,Dataset_A_S09,Method_D,Fibroblast,Endothelial,CCL2,CCR2
Dataset_A,Dataset_A_S09,Method_D,Myeloid,Bcell,TNF,TNFRSF1A
Dataset_A,Dataset_A_S09,Method_D,Tcell,Bcell,IL10,IL10RA
Dataset_A,Dataset_A_S09,Method_D,Tumor,Myeloid,IL10,IL10RA
Dataset_A,Dataset_A_S09,Method_D,Tumor,Myeloid,CCL2,CCR2
Dataset_A,Dataset_A_S09,Method_D,Tcell,Fibroblast,CCL2,CCR2
Dataset_A,Dataset_A_S09,Method_D,Fibroblast,Tumor,TNF,TNFRSF1A
Dataset_A,Dataset_A_S09,Method_D,Bcell,Tumor,TGFB1,TGFBR2
Dataset_A,Dataset_A_S09,Method_D,Fibroblast,Tumor,CXCL12,CXCR4
Dataset_A,Dataset_A_S09,Method_D,Bcell,Fibroblast,TGFB1,TGFBR2
Dataset_A,Dataset_A_S09,Method_D,Bcell,Endothelial,TNF,TNFRSF1A
Dataset_A,Dataset_A_S09,Method_D,Fibroblast,Bcell,IFNG,IFNGR1
Dataset_A,Dataset_A_S09,Method_D,Tumor,Tcell,TGFB1,TGFBR2
Dataset_A,Dataset_A_S09,Method_D,Endothelial,Fibroblast,CSF1,CSF1R
Dataset_A,Dataset_A_S09,Method_D,Tumor,Endothelial,CCL2,CCR2
Dataset_A,Dataset_A_S09,Method_D,Myeloid,Bcell,ANGPT1,TEK
Dataset_A,Dataset_A_S09,Method_D,Bcell,Fibroblast,IL10,IL10RA
Dataset_A,Dataset_A_S09,Method_D,Tcell,Bcell,CSF1,CSF1R
Dataset_A,Dataset_A_S09,Method_D,Bcell,Fibroblast,IFNG,IFNGR1
Dataset_A,Dataset_A_S09,Method_D,Myeloid,Endothelial,PDL1,PDCD1
Dataset_A,Dataset_A_S09,Method_D,Fibroblast,Endothelial,CSF1,CSF1R
Dataset_A,Dataset_A_S09,Method_D,Bcell,Fibroblast,CCL2,CCR2
Dataset_A,Dataset_A_S09,Method_D,Bcell,Tcell,CSF1,CSF1R
Dataset_A,Dataset_A_S09,Method_D,Tcell,Myeloid,TGFB1,TGFBR2
Dataset_A,Dataset_A_S09,Method_D,Bcell,Myeloid,IL10,IL10RA
Dataset_A,Dataset_A_S09,Method_D,Endothelial,Fibroblast,CXCL12,CXCR4
Dataset_A,Dataset_A_S09,Method_D,Fibroblast,Bcell,CSF1,CSF1R
Dataset_A,Dataset_A_S09,Method_D,Bcell,Endothelial,IL10,IL10RA
Dataset_A,Dataset_A_S09,Method_D,Fibroblast,Tcell,IL10,IL10RA
Dataset_A,Dataset_A_S09,Method_D,Tumor,Bcell,CCL2,CCR2
Dataset_A,Dataset_A_S09,Method_D,Tcell,Myeloid,IFNG,IFNGR1
Dataset_A,Dataset_A_S09,Method_D,Bcell,Endothelial,TGFB1,TGFBR2
Dataset_A,Dataset_A_S09,Method_D,Fibroblast,Tumor,VEGFA,KDR
Dataset_A,Dataset_A_S09,Method_D,Fibroblast,Tumor,TGFB1,TGFBR2
Dataset_A,Dataset_A_S09,Method_D,Fibroblast,Tcell,CCL2,CCR2
Dataset_A,Dataset_A_S09,Method_D,Myeloid,Fibroblast,VEGFA,KDR
Dataset_A,Dataset_A_S09,Method_D,Bcell,Tcell,CXCL12,CXCR4
Dataset_A,Dataset_A_S09,Method_D,Fibroblast,Tumor,PDL1,PDCD1
Dataset_A,Dataset_A_S09,Method_D,Tcell,Myeloid,CSF1,CSF1R
Dataset_A,Dataset_A_S09,Method_D,Endothelial,Myeloid,CCL2,CCR2
Dataset_A,Dataset_A_S10,Method_A,Endothelial,Tcell,IL10,IL10RA
Dataset_A,Dataset_A_S10,Method_A,Endothelial,Tumor,IFNG,IFNGR1
Dataset_A,Dataset_A_S10,Method_A,Bcell,Fibroblast,TNF,TNFRSF1A
Dataset_A,Dataset_A_S10,Method_A,Endothelial,Bcell,IFNG,IFNGR1
Dataset_A,Dataset_A_S10,Method_A,Myeloid,Endothelial,CXCL12,CXCR4
Dataset_A,Dataset_A_S10,Method_A,Myeloid,Tumor,IL10,IL10RA
Dataset_A,Dataset_A_S10,Method_A,Tumor,Tcell,CXCL12,CXCR4
Dataset_A,Dataset_A_S10,Method_A,Fibroblast,Myeloid,PDL1,PDCD1
Dataset_A,Dataset_A_S10,Method_A,Bcell,Myeloid,TNF,TNFRSF1A
Dataset_A,Dataset_A_S10,Method_A,Myeloid,Endothelial,ANGPT1,TEK
Dataset_A,Dataset_A_S10,Method_A,Endothelial,Tumor,CSF1,CSF1R
Dataset_A,Dataset_A_S10,Method_A,Fibroblast,Endothelial,CCL2,CCR2
Dataset_A,Dataset_A_S10,Method_A,Myeloid,Bcell,CXCL12,CXCR4
Dataset_A,Dataset_A_S10,Method_A,Bcell,Tcell,CCL2,CCR2
Dataset_A,Dataset_A_S10,Method_A,Bcell,Tumor,IFNG,IFNGR1
Dataset_A,Dataset_A_S10,Method_A,Bcell,Tcell,IFNG,IFNGR1
Dataset_A,Dataset_A_S10,Method_A,Tumor,Endothelial,IL10,IL10RA
Dataset_A,Dataset_A_S10,Method_A,Tumor,Myeloid,TGFB1,TGFBR2
Dataset_A,Dataset_A_S10,Method_A,Fibroblast,Tumor,CXCL12,CXCR4
Dataset_A,Dataset_A_S10,Method_A,Bcell,Fibroblast,IFNG,IFNGR1
Dataset_A,Dataset_A_S10,Method_A,Tcell,Bcell,CSF1,CSF1R
Dataset_A,Dataset_A_S10,Method_A,Bcell,Myeloid,PDL1,PDCD1
Dataset_A,Dataset_A_S10,Method_A,Myeloid,Tcell,CCL2,CCR2
Dataset_A,Dataset_A_S10,Method_A,Tcell,Fibroblast,TNF,TNFRSF1A
Dataset_A,Dataset_A_S10,Method_A,Fibroblast,Tcell,TNF,TNFRSF1A
Dataset_A,Dataset_A_S10,Method_A,Tcell,Myeloid,VEGFA,KDR
Dataset_A,Dataset_A_S10,Method_A,Endothelial,Tumor,CXCL12,CXCR4
Dataset_A,Dataset_A_S10,Method_A,Fibroblast,Tcell,ANGPT1,TEK
Dataset_A,Dataset_A_S10,Method_A,Myeloid,Fibroblast,PDL1,PDCD1
Dataset_A,Dataset_A_S10,Method_A,Myeloid,Fibroblast,CCL2,CCR2
Dataset_A,Dataset_A_S10,Method_A,Bcell,Endothelial,IFNG,IFNGR1
Dataset_A,Dataset_A_S10,Method_A,Fibroblast,Tcell,IL10,IL10RA
Dataset_A,Dataset_A_S10,Method_A,Tcell,Endothelial,CXCL12,CXCR4
Dataset_A,Dataset_A_S10,Method_A,Fibroblast,Endothelial,TNF,TNFRSF1A
Dataset_A,Dataset_A_S10,Method_A,Fibroblast,Tumor,VEGFA,KDR
Dataset_A,Dataset_A_S10,Method_A,Tcell,Endothelial,ANGPT1,TEK
Dataset_A,Dataset_A_S10,Method_A,Fibroblast,Endothelial,CXCL12,CXCR4
Dataset_A,Dataset_A_S10,Method_A,Fibroblast,Tumor,IL10,IL10RA
Dataset_A,Dataset_A_S10,Method_A,Tcell,Myeloid,CSF1,CSF1R
Dataset_A,Dataset_A_S10,Method_A,Endothelial,Myeloid,IFNG,IFNGR1
Dataset_A,Dataset_A_S10,Method_A,Tcell,Endothelial,IFNG,IFNGR1
Dataset_A,Dataset_A_S10,Method_A,Endothelial,Myeloid,CCL2,CCR2
Dataset_A,Dataset_A_S10,Method_A,Tcell,Fibroblast,VEGFA,KDR
Dataset_A,Dataset_A_S10,Method_B,Endothelial,Tumor,CCL2,CCR2
Dataset_A,Dataset_A_S10,Method_B,Fibroblast,Bcell,TGFB1,TGFBR2
Dataset_A,Dataset_A_S10,Method_B,Tcell,Myeloid,PDL1,PDCD1
Dataset_A,Dataset_A_S10,Method_B,Endothelial,Bcell,VEGFA,KDR
Dataset_A,Dataset_A_S10,Method_B,Bcell,Myeloid,IFNG,IFNGR1
Dataset_A,Dataset_A_S10,Method_B,Myeloid,Tumor,IFNG,IFNGR1
Dataset_A,Dataset_A_S10,Method_B,Endothelial,Tumor,CXCL12,CXCR4
Dataset_A,Dataset_A_S10,Method_B,Myeloid,Bcell,CCL2,CCR2
Dataset_A,Dataset_A_S10,Method_B,Tumor,Bcell,IFNG,IFNGR1
Dataset_A,Dataset_A_S10,Method_B,Tumor,Tcell,CXCL12,CXCR4
Dataset_A,Dataset_A_S10,Method_B,Fibroblast,Tcell,ANGPT1,TEK
Dataset_A,Dataset_A_S10,Method_B,Myeloid,Fibroblast,PDL1,PDCD1
Dataset_A,Dataset_A_S10,Method_B,Fibroblast,Myeloid,TGFB1,TGFBR2
Dataset_A,Dataset_A_S10,Method_B,Bcell,Endothelial,IFNG,IFNGR1
Dataset_A,Dataset_A_S10,Method_B,Endothelial,Tumor,CSF1,CSF1R
Dataset_A,Dataset_A_S10,Method_B,Endothelial,Tcell,PDL1,PDCD1
Dataset_A,Dataset_A_S10,Method_B,Bcell,Fibroblast,ANGPT1,TEK
Dataset_A,Dataset_A_S10,Method_B,Fibroblast,Tumor,IL10,IL10RA
Dataset_A,Dataset_A_S10,Method_B,Fibroblast,Tcell,IFNG,IFNGR1
Dataset_A,Dataset_A_S10,Method_B,Tumor,Endothelial,IL10,IL10RA
Dataset_A,Dataset_A_S10,Method_B,Tumor,Bcell,TNF,TNFRSF1A
Dataset_A,Dataset_A_S10,Method_B,Tumor,Myeloid,TGFB1,TGFBR2
Dataset_A,Dataset_A_S10,Method_C,Tcell,Endothelial,IL10,IL10RA
Dataset_A,Dataset_A_S10,Method_C,Myeloid,Tcell,IFNG,IFNGR1
Dataset_A,Dataset_A_S10,Method_C,Endothelial,Myeloid,IFNG,IFNGR1
Dataset_A,Dataset_A_S10,Method_C,Fibroblast,Endothelial,CCL2,CCR2
Dataset_A,Dataset_A_S10,Method_C,Bcell,Myeloid,PDL1,PDCD1
Dataset_A,Dataset_A_S10,Method_C,Bcell,Fibroblast,ANGPT1,TEK
Dataset_A,Dataset_A_S10,Method_C,Fibroblast,Tumor,IL10,IL10RA
Dataset_A,Dataset_A_S10,Method_C,Myeloid,Tumor,IL10,IL10RA
Dataset_A,Dataset_A_S10,Method_C,Fibroblast,Tcell,TNF,TNFRSF1A
Dataset_A,Dataset_A_S10,Method_C,Tcell,Myeloid,PDL1,PDCD1
Dataset_A,Dataset_A_S10,Method_C,Myeloid,Tumor,IFNG,IFNGR1
Dataset_A,Dataset_A_S10,Method_C,Tcell,Myeloid,VEGFA,KDR
Dataset_A,Dataset_A_S10,Method_C,Endothelial,Tumor,CXCL12,CXCR4
Dataset_A,Dataset_A_S10,Method_C,Bcell,Tumor,TGFB1,TGFBR2
Dataset_A,Dataset_A_S10,Method_C,Tcell,Endothelial,IFNG,IFNGR1
Dataset_A,Dataset_A_S10,Method_D,Endothelial,Tumor,CCL2,CCR2
Dataset_A,Dataset_A_S10,Method_D,Tcell,Endothelial,PDL1,PDCD1
Dataset_A,Dataset_A_S10,Method_D,Tcell,Fibroblast,PDL1,PDCD1
Dataset_A,Dataset_A_S10,Method_D,Bcell,Fibroblast,TNF,TNFRSF1A
Dataset_A,Dataset_A_S10,Method_D,Myeloid,Tumor,IL10,IL10RA
Dataset_A,Dataset_A_S10,Method_D,Endothelial,Bcell,VEGFA,KDR
Dataset_A,Dataset_A_S10,Method_D,Bcell,Tumor,CXCL12,CXCR4
Dataset_A,Dataset_A_S10,Method_D,Myeloid,Endothelial,ANGPT1,TEK
Dataset_A,Dataset_A_S10,Method_D,Endothelial,Tumor,CSF1,CSF1R
Dataset_A,Dataset_A_S10,Method_D,Fibroblast,Endothelial,CCL2,CCR2
Dataset_A,Dataset_A_S10,Method_D,Fibroblast,Myeloid,IFNG,IFNGR1
Dataset_A,Dataset_A_S10,Method_D,Bcell,Fibroblast,ANGPT1,TEK
Dataset_A,Dataset_A_S10,Method_D,Bcell,Tcell,CCL2,CCR2
Dataset_A,Dataset_A_S10,Method_D,Tumor,Myeloid,IL10,IL10RA
Dataset_A,Dataset_A_S10,Method_D,Tumor,Endothelial,IL10,IL10RA
Dataset_A,Dataset_A_S10,Method_D,Tumor,Myeloid,TGFB1,TGFBR2
Dataset_A,Dataset_A_S10,Method_D,Tumor,Endothelial,TGFB1,TGFBR2
Dataset_A,Dataset_A_S10,Method_D,Myeloid,Tcell,IFNG,IFNGR1
Dataset_A,Dataset_A_S10,Method_D,Fibroblast,Bcell,VEGFA,KDR
Dataset_A,Dataset_A_S10,Method_D,Endothelial,Tcell,TNF,TNFRSF1A
Dataset_A,Dataset_A_S10,Method_D,Bcell,Myeloid,PDL1,PDCD1
Dataset_A,Dataset_A_S10,Method_D,Myeloid,Tcell,CCL2,CCR2
Dataset_A,Dataset_A_S10,Method_D,Tcell,Myeloid,PDL1,PDCD1
Dataset_A,Dataset_A_S10,Method_D,Fibroblast,Tcell,TNF,TNFRSF1A
Dataset_A,Dataset_A_S10,Method_D,Tcell,Myeloid,VEGFA,KDR
Dataset_A,Dataset_A_S10,Method_D,Endothelial,Tumor,CXCL12,CXCR4
Dataset_A,Dataset_A_S10,Method_D,Myeloid,Fibroblast,PDL1,PDCD1
Dataset_A,Dataset_A_S10,Method_D,Myeloid,Fibroblast,CCL2,CCR2
Dataset_A,Dataset_A_S10,Method_D,Bcell,Endothelial,IFNG,IFNGR1
Dataset_A,Dataset_A_S10,Method_D,Fibroblast,Tcell,IL10,IL10RA
Dataset_A,Dataset_A_S10,Method_D,Fibroblast,Endothelial,TNF,TNFRSF1A
Dataset_A,Dataset_A_S10,Method_D,Endothelial,Tcell,ANGPT1,TEK
Dataset_A,Dataset_A_S10,Method_D,Tcell,Myeloid,CSF1,CSF1R
Dataset_A,Dataset_A_S10,Method_D,Tcell,Tumor,PDL1,PDCD1
Dataset_A,Dataset_A_S10,Method_D,Tcell,Tumor,VEGFA,KDR
Dataset_A,Dataset_A_S10,Method_D,Endothelial,Bcell,CXCL12,CXCR4
Dataset_A,Dataset_A_S10,Method_D,Fibroblast,Tumor,IL10,IL10RA
Dataset_A,Dataset_A_S10,Method_D,Bcell,Fibroblast,CSF1,CSF1R
Dataset_A,Dataset_A_S10,Method_D,Tcell,Endothelial,ANGPT1,TEK
Dataset_A,Dataset_A_S10,Method_D,Endothelial,Myeloid,IFNG,IFNGR1
Dataset_A,Dataset_A_S10,Method_D,Tcell,Endothelial,IFNG,IFNGR1
Dataset_A,Dataset_A_S10,Method_D,Tcell,Fibroblast,VEGFA,KDR
Dataset_A,Dataset_A_S11,Method_A,Tumor,Fibroblast,CXCL12,CXCR4
Dataset_A,Dataset_A_S11,Method_A,Endothelial,Tcell,IFNG,IFNGR1
Dataset_A,Dataset_A_S11,Method_A,Endothelial,Fibroblast,IL10,IL10RA
Dataset_A,Dataset_A_S11,Method_A,Tumor,Tcell,CXCL12,CXCR4
Dataset_A,Dataset_A_S11,Method_A,Tumor,Endothelial,ANGPT1,TEK
Dataset_A,Dataset_A_S11,Method_A,Endothelial,Tcell,CSF1,CSF1R
Dataset_A,Dataset_A_S11,Method_A,Myeloid,Endothelial,ANGPT1,TEK
Dataset_A,Dataset_A_S11,Method_A,Tcell,Fibroblast,CSF1,CSF1R
Dataset_A,Dataset_A_S11,Method_A,Tumor,Myeloid,ANGPT1,TEK
Dataset_A,Dataset_A_S11,Method_A,Tumor,Fibroblast,CCL2,CCR2
Dataset_A,Dataset_A_S11,Method_A,Myeloid,Tumor,CSF1,CSF1R
Dataset_A,Dataset_A_S11,Method_A,Fibroblast,Tumor,TNF,TNFRSF1A
Dataset_A,Dataset_A_S11,Method_A,Myeloid,Endothelial,VEGFA,KDR
Dataset_A,Dataset_A_S11,Method_A,Endothelial,Tcell,CXCL12,CXCR4
Dataset_A,Dataset_A_S11,Method_A,Tumor,Tcell,TGFB1,TGFBR2
Dataset_A,Dataset_A_S11,Method_A,Endothelial,Fibroblast,CSF1,CSF1R
Dataset_A,Dataset_A_S11,Method_A,Bcell,Fibroblast,IL10,IL10RA
Dataset_A,Dataset_A_S11,Method_A,Tcell,Tumor,ANGPT1,TEK
Dataset_A,Dataset_A_S11,Method_A,Tumor,Myeloid,VEGFA,KDR
Dataset_A,Dataset_A_S11,Method_A,Tumor,Endothelial,IFNG,IFNGR1
Dataset_A,Dataset_A_S11,Method_A,Tcell,Fibroblast,TNF,TNFRSF1A
Dataset_A,Dataset_A_S11,Method_A,Tumor,Bcell,IL10,IL10RA
Dataset_A,Dataset_A_S11,Method_A,Tumor,Tcell,CCL2,CCR2
Dataset_A,Dataset_A_S11,Method_A,Endothelial,Myeloid,ANGPT1,TEK
Dataset_A,Dataset_A_S11,Method_A,Myeloid,Tumor,TNF,TNFRSF1A
Dataset_A,Dataset_A_S11,Method_A,Bcell,Endothelial,IL10,IL10RA
Dataset_A,Dataset_A_S11,Method_A,Fibroblast,Myeloid,CXCL12,CXCR4
Dataset_A,Dataset_A_S11,Method_A,Myeloid,Bcell,IFNG,IFNGR1
Dataset_A,Dataset_A_S11,Method_A,Tumor,Fibroblast,CSF1,CSF1R
Dataset_A,Dataset_A_S11,Method_A,Tcell,Myeloid,IFNG,IFNGR1
Dataset_A,Dataset_A_S11,Method_A,Fibroblast,Tumor,TGFB1,TGFBR2
Dataset_A,Dataset_A_S11,Method_A,Bcell,Endothelial,CCL2,CCR2
Dataset_A,Dataset_A_S11,Method_A,Tumor,Endothelial,CSF1,CSF1R
Dataset_A,Dataset_A_S11,Method_A,Endothelial,Bcell,CXCL12,CXCR4
Dataset_A,Dataset_A_S11,Method_A,Fibroblast,Endothelial,ANGPT1,TEK
Dataset_A,Dataset_A_S11,Method_A,Fibroblast,Tumor,PDL1,PDCD1
Dataset_A,Dataset_A_S11,Method_A,Endothelial,Tumor,IL10,IL10RA
Dataset_A,Dataset_A_S11,Method_A,Endothelial,Tumor,TGFB1,TGFBR2
Dataset_A,Dataset_A_S11,Method_B,Myeloid,Endothelial,IFNG,IFNGR1
Dataset_A,Dataset_A_S11,Method_B,Tumor,Tcell,TGFB1,TGFBR2
Dataset_A,Dataset_A_S11,Method_B,Bcell,Fibroblast,IL10,IL10RA
Dataset_A,Dataset_A_S11,Method_B,Myeloid,Tcell,VEGFA,KDR
Dataset_A,Dataset_A_S11,Method_B,Tcell,Fibroblast,TNF,TNFRSF1A
Dataset_A,Dataset_A_S11,Method_B,Endothelial,Bcell,TGFB1,TGFBR2
Dataset_A,Dataset_A_S11,Method_B,Tumor,Bcell,IL10,IL10RA
Dataset_A,Dataset_A_S11,Method_B,Endothelial,Tumor,CXCL12,CXCR4
Dataset_A,Dataset_A_S11,Method_B,Endothelial,Myeloid,ANGPT1,TEK
Dataset_A,Dataset_A_S11,Method_B,Myeloid,Tumor,TNF,TNFRSF1A
Dataset_A,Dataset_A_S11,Method_B,Tumor,Endothelial,ANGPT1,TEK
Dataset_A,Dataset_A_S11,Method_B,Endothelial,Tcell,CSF1,CSF1R
Dataset_A,Dataset_A_S11,Method_B,Fibroblast,Myeloid,CXCL12,CXCR4
Dataset_A,Dataset_A_S11,Method_B,Myeloid,Bcell,IFNG,IFNGR1
Dataset_A,Dataset_A_S11,Method_B,Tcell,Myeloid,IFNG,IFNGR1
Dataset_A,Dataset_A_S11,Method_B,Myeloid,Tumor,VEGFA,KDR
Dataset_A,Dataset_A_S11,Method_B,Myeloid,Endothelial,ANGPT1,TEK
Dataset_A,Dataset_A_S11,Method_B,Bcell,Endothelial,TGFB1,TGFBR2
Dataset_A,Dataset_A_S11,Method_B,Tumor,Endothelial,CSF1,CSF1R
Dataset_A,Dataset_A_S11,Method_B,Tumor,Myeloid,ANGPT1,TEK
Dataset_A,Dataset_A_S11,Method_B,Tumor,Fibroblast,CCL2,CCR2
Dataset_A,Dataset_A_S11,Method_B,Bcell,Endothelial,CCL2,CCR2
Dataset_A,Dataset_A_S11,Method_B,Endothelial,Bcell,CXCL12,CXCR4
Dataset_A,Dataset_A_S11,Method_B,Fibroblast,Bcell,CCL2,CCR2
Dataset_A,Dataset_A_S11,Method_B,Myeloid,Fibroblast,VEGFA,KDR
Dataset_A,Dataset_A_S11,Method_B,Fibroblast,Myeloid,TNF,TNFRSF1A
Dataset_A,Dataset_A_S11,Method_B,Fibroblast,Endothelial,ANGPT1,TEK
Dataset_A,Dataset_A_S11,Method_B,Fibroblast,Tcell,IFNG,IFNGR1
Dataset_A,Dataset_A_S11,Method_B,Endothelial,Myeloid,IL10,IL10RA
Dataset_A,Dataset_A_S11,Method_B,Myeloid,Endothelial,VEGFA,KDR
Dataset_A,Dataset_A_S11,Method_B,Endothelial,Tumor,IL10,IL10RA
Dataset_A,Dataset_A_S11,Method_B,Endothelial,Tumor,TGFB1,TGFBR2
Dataset_A,Dataset_A_S11,Method_C,Endothelial,Tcell,CSF1,CSF1R
Dataset_A,Dataset_A_S11,Method_C,Bcell,Myeloid,CXCL12,CXCR4
Dataset_A,Dataset_A_S11,Method_C,Myeloid,Endothelial,IFNG,IFNGR1
Dataset_A,Dataset_A_S11,Method_C,Fibroblast,Bcell,VEGFA,KDR
Dataset_A,Dataset_A_S11,Method_C,Bcell,Fibroblast,IL10,IL10RA
Dataset_A,Dataset_A_S11,Method_C,Tumor,Tcell,VEGFA,KDR
Dataset_A,Dataset_A_S11,Method_C,Tcell,Fibroblast,CSF1,CSF1R
Dataset_A,Dataset_A_S11,Method_C,Tcell,Myeloid,IL10,IL10RA
Dataset_A,Dataset_A_S11,Method_C,Myeloid,Tcell,TGFB1,TGFBR2
Dataset_A,Dataset_A_S11,Method_C,Endothelial,Bcell,TGFB1,TGFBR2
Dataset_A,Dataset_A_S11,Method_C,Tumor,Bcell,IL10,IL10RA
Dataset_A,Dataset_A_S11,Method_C,Fibroblast,Tumor,TNF,TNFRSF1A
Dataset_A,Dataset_A_S11,Method_C,Myeloid,Endothelial,VEGFA,KDR
Dataset_A,Dataset_A_S11,Method_D,Tcell,Endothelial,IL10,IL10RA
Dataset_A,Dataset_A_S11,Method_D,Endothelial,Tcell,IFNG,IFNGR1
Dataset_A,Dataset_A_S11,Method_D,Endothelial,Bcell,IL10,IL10RA
Dataset_A,Dataset_A_S11,Method_D,Endothelial,Bcell,TGFB1,TGFBR2
Dataset_A,Dataset_A_S11,Method_D,Tumor,Endothelial,ANGPT1,TEK
Dataset_A,Dataset_A_S11,Method_D,Endothelial,Tcell,CSF1,CSF1R
Dataset_A,Dataset_A_S11,Method_D,Bcell,Myeloid,TNF,TNFRSF1A
Dataset_A,Dataset_A_S11,Method_D,Myeloid,Endothelial,ANGPT1,TEK
Dataset_A,Dataset_A_S11,Method_D,Tumor,Bcell,CXCL12,CXCR4
Dataset_A,Dataset_A_S11,Method_D,Tcell,Fibroblast,CSF1,CSF1R
Dataset_A,Dataset_A_S11,Method_D,Tumor,Myeloid,ANGPT1,TEK
Dataset_A,Dataset_A_S11,Method_D,Tumor,Fibroblast,CCL2,CCR2
Dataset_A,Dataset_A_S11,Method_D,Fibroblast,Myeloid,IFNG,IFNGR1
Dataset_A,Dataset_A_S11,Method_D,Myeloid,Bcell,TNF,TNFRSF1A
Dataset_A,Dataset_A_S11,Method_D,Tcell,Tumor,CXCL12,CXCR4
Dataset_A,Dataset_A_S11,Method_D,Fibroblast,Bcell,CCL2,CCR2
Dataset_A,Dataset_A_S11,Method_D,Fibroblast,Tumor,TNF,TNFRSF1A
Dataset_A,Dataset_A_S11,Method_D,Myeloid,Endothelial,VEGFA,KDR
Dataset_A,Dataset_A_S11,Method_D,Endothelial,Bcell,CSF1,CSF1R
Dataset_A,Dataset_A_S11,Method_D,Endothelial,Tcell,CXCL12,CXCR4
Dataset_A,Dataset_A_S11,Method_D,Myeloid,Endothelial,IFNG,IFNGR1
Dataset_A,Dataset_A_S11,Method_D,Tumor,Tcell,TGFB1,TGFBR2
Dataset_A,Dataset_A_S11,Method_D,Endothelial,Fibroblast,CSF1,CSF1R
Dataset_A,Dataset_A_S11,Method_D,Myeloid,Tcell,IFNG,IFNGR1
Dataset_A,Dataset_A_S11,Method_D,Bcell,Fibroblast,IL10,IL10RA
Dataset_A,Dataset_A_S11,Method_D,Tumor,Tcell,VEGFA,KDR
Dataset_A,Dataset_A_S11,Method_D,Bcell,Fibroblast,IFNG,IFNGR1
Dataset_A,Dataset_A_S11,Method_D,Myeloid,Tcell,VEGFA,KDR
Dataset_A,Dataset_A_S11,Method_D,Tumor,Myeloid,PDL1,PDCD1
Dataset_A,Dataset_A_S11,Method_D,Fibroblast,Tumor,ANGPT1,TEK
Dataset_A,Dataset_A_S11,Method_D,Endothelial,Tumor,CXCL12,CXCR4
Dataset_A,Dataset_A_S11,Method_D,Endothelial,Myeloid,ANGPT1,TEK
Dataset_A,Dataset_A_S11,Method_D,Myeloid,Tumor,TNF,TNFRSF1A
Dataset_A,Dataset_A_S11,Method_D,Fibroblast,Tcell,ANGPT1,TEK
Dataset_A,Dataset_A_S11,Method_D,Bcell,Myeloid,VEGFA,KDR
Dataset_A,Dataset_A_S11,Method_D,Fibroblast,Myeloid,CXCL12,CXCR4
Dataset_A,Dataset_A_S11,Method_D,Myeloid,Bcell,IFNG,IFNGR1
Dataset_A,Dataset_A_S11,Method_D,Tumor,Fibroblast,CSF1,CSF1R
Dataset_A,Dataset_A_S11,Method_D,Tcell,Myeloid,IFNG,IFNGR1
Dataset_A,Dataset_A_S11,Method_D,Fibroblast,Endothelial,TNF,TNFRSF1A
Dataset_A,Dataset_A_S11,Method_D,Bcell,Endothelial,TGFB1,TGFBR2
Dataset_A,Dataset_A_S11,Method_D,Fibroblast,Tumor,TGFB1,TGFBR2
Dataset_A,Dataset_A_S11,Method_D,Bcell,Endothelial,CCL2,CCR2
Dataset_A,Dataset_A_S11,Method_D,Tumor,Endothelial,CSF1,CSF1R
Dataset_A,Dataset_A_S11,Method_D,Tcell,Tumor,PDL1,PDCD1
Dataset_A,Dataset_A_S11,Method_D,Endothelial,Bcell,CXCL12,CXCR4
Dataset_A,Dataset_A_S11,Method_D,Fibroblast,Myeloid,TNF,TNFRSF1A
Dataset_A,Dataset_A_S11,Method_D,Endothelial,Fibroblast,ANGPT1,TEK
Dataset_A,Dataset_A_S11,Method_D,Fibroblast,Endothelial,ANGPT1,TEK
Dataset_A,Dataset_A_S11,Method_D,Fibroblast,Tumor,IFNG,IFNGR1
Dataset_A,Dataset_A_S11,Method_D,Fibroblast,Tcell,IFNG,IFNGR1
Dataset_A,Dataset_A_S11,Method_D,Endothelial,Tumor,IL10,IL10RA
Dataset_A,Dataset_A_S11,Method_D,Endothelial,Tumor,TGFB1,TGFBR2
Dataset_A,Dataset_A_S12,Method_A,Endothelial,Tcell,IFNG,IFNGR1
Dataset_A,Dataset_A_S12,Method_A,Fibroblast,Tcell,TGFB1,TGFBR2
Dataset_A,Dataset_A_S12,Method_A,Tumor,Bcell,CSF1,CSF1R
Dataset_A,Dataset_A_S12,Method_A,Bcell,Fibroblast,TNF,TNFRSF1A
Dataset_A,Dataset_A_S12,Method_A,Endothelial,Bcell,IFNG,IFNGR1
Dataset_A,Dataset_A_S12,Method_A,Tumor,Myeloid,CXCL12,CXCR4
Dataset_A,Dataset_A_S12,Method_A,Myeloid,Tumor,IL10,IL10RA
Dataset_A,Dataset_A_S12,Method_A,Fibroblast,Endothelial,TGFB1,TGFBR2
Dataset_A,Dataset_A_S12,Method_A,Endothelial,Fibroblast,TGFB1,TGFBR2
Dataset_A,Dataset_A_S12,Method_A,Bcell,Myeloid,CXCL12,CXCR4
Dataset_A,Dataset_A_S12,Method_A,Tcell,Bcell,VEGFA,KDR
Dataset_A,Dataset_A_S12,Method_A,Endothelial,Myeloid,CSF1,CSF1R
Dataset_A,Dataset_A_S12,Method_A,Tumor,Fibroblast,CCL2,CCR2
Dataset_A,Dataset_A_S12,Method_A,Tcell,Bcell,IL10,IL10RA
Dataset_A,Dataset_A_S12,Method_A,Tcell,Endothelial,CSF1,CSF1R
Dataset_A,Dataset_A_S12,Method_A,Tumor,Myeloid,IL10,IL10RA
Dataset_A,Dataset_A_S12,Method_A,Bcell,Tumor,CCL2,CCR2
Dataset_A,Dataset_A_S12,Method_A,Tcell,Fibroblast,CCL2,CCR2
Dataset_A,Dataset_A_S12,Method_A,Bcell,Endothelial,CXCL12,CXCR4
Dataset_A,Dataset_A_S12,Method_A,Endothelial,Fibroblast,CSF1,CSF1R
Dataset_A,Dataset_A_S12,Method_A,Myeloid,Tcell,IFNG,IFNGR1
Dataset_A,Dataset_A_S12,Method_A,Endothelial,Tcell,TNF,TNFRSF1A
Dataset_A,Dataset_A_S12,Method_A,Myeloid,Tcell,PDL1,PDCD1
Dataset_A,Dataset_A_S12,Method_A,Bcell,Tumor,CSF1,CSF1R
Dataset_A,Dataset_A_S12,Method_A,Tumor,Myeloid,PDL1,PDCD1
Dataset_A,Dataset_A_S12,Method_A,Bcell,Endothelial,PDL1,PDCD1
Dataset_A,Dataset_A_S12,Method_A,Bcell,Myeloid,IFNG,IFNGR1
Dataset_A,Dataset_A_S12,Method_A,Tumor,Tcell,PDL1,PDCD1
Dataset_A,Dataset_A_S12,Method_A,Tcell,Fibroblast,IFNG,IFNGR1
Dataset_A,Dataset_A_S12,Method_A,Tumor,Bcell,IFNG,IFNGR1
Dataset_A,Dataset_A_S12,Method_A,Myeloid,Fibroblast,PDL1,PDCD1
Dataset_A,Dataset_A_S12,Method_A,Fibroblast,Tumor,VEGFA,KDR
Dataset_A,Dataset_A_S12,Method_A,Endothelial,Myeloid,VEGFA,KDR
Dataset_A,Dataset_A_S12,Method_A,Tcell,Tumor,TGFB1,TGFBR2
Dataset_A,Dataset_A_S12,Method_A,Bcell,Tcell,CXCL12,CXCR4
Dataset_A,Dataset_A_S12,Method_A,Endothelial,Tcell,PDL1,PDCD1
Dataset_A,Dataset_A_S12,Method_A,Endothelial,Myeloid,IFNG,IFNGR1
Dataset_A,Dataset_A_S12,Method_A,Endothelial,Tumor,IL10,IL10RA
Dataset_A,Dataset_A_S12,Method_A,Fibroblast,Tcell,PDL1,PDCD1
Dataset_A,Dataset_A_S12,Method_B,Endothelial,Tcell,IFNG,IFNGR1
Dataset_A,Dataset_A_S12,Method_B,Myeloid,Tcell,IFNG,IFNGR1
Dataset_A,Dataset_A_S12,Method_B,Myeloid,Fibroblast,TNF,TNFRSF1A
Dataset_A,Dataset_A_S12,Method_B,Bcell,Endothelial,ANGPT1,TEK
Dataset_A,Dataset_A_S12,Method_B,Bcell,Tumor,CSF1,CSF1R
Dataset_A,Dataset_A_S12,Method_B,Tumor,Fibroblast,IFNG,IFNGR1
Dataset_A,Dataset_A_S12,Method_B,Endothelial,Bcell,IFNG,IFNGR1
Dataset_A,Dataset_A_S12,Method_B,Myeloid,Tcell,TNF,TNFRSF1A
Dataset_A,Dataset_A_S12,Method_B,Bcell,Endothelial,PDL1,PDCD1
Dataset_A,Dataset_A_S12,Method_B,Tumor,Myeloid,CXCL12,CXCR4
Dataset_A,Dataset_A_S12,Method_B,Bcell,Myeloid,IFNG,IFNGR1
Dataset_A,Dataset_A_S12,Method_B,Fibroblast,Endothelial,TGFB1,TGFBR2
Dataset_A,Dataset_A_S12,Method_B,Tcell,Tumor,CCL2,CCR2
Dataset_A,Dataset_A_S12,Method_B,Tumor,Bcell,IFNG,IFNGR1
Dataset_A,Dataset_A_S12,Method_B,Tcell,Fibroblast,CXCL12,CXCR4
Dataset_A,Dataset_A_S12,Method_B,Myeloid,Bcell,VEGFA,KDR
Dataset_A,Dataset_A_S12,Method_B,Tumor,Myeloid,TNF,TNFRSF1A
Dataset_A,Dataset_A_S12,Method_B,Fibroblast,Myeloid,VEGFA,KDR
Dataset_A,Dataset_A_S12,Method_B,Fibroblast,Tumor,CSF1,CSF1R
Dataset_A,Dataset_A_S12,Method_B,Fibroblast,Tumor,VEGFA,KDR
Dataset_A,Dataset_A_S12,Method_B,Fibroblast,Myeloid,IL10,IL10RA
Dataset_A,Dataset_A_S12,Method_B,Endothelial,Myeloid,CSF1,CSF1R
Dataset_A,Dataset_A_S12,Method_B,Tcell,Tumor,PDL1,PDCD1
Dataset_A,Dataset_A_S12,Method_B,Endothelial,Myeloid,VEGFA,KDR
Dataset_A,Dataset_A_S12,Method_B,Tcell,Myeloid,ANGPT1,TEK
Dataset_A,Dataset_A_S12,Method_B,Myeloid,Tcell,CSF1,CSF1R
Dataset_A,Dataset_A_S12,Method_B,Bcell,Tcell,CXCL12,CXCR4
Dataset_A,Dataset_A_S12,Method_B,Endothelial,Tcell,VEGFA,KDR
Dataset_A,Dataset_A_S12,Method_B,Endothelial,Tcell,PDL1,PDCD1
Dataset_A,Dataset_A_S12,Method_B,Tumor,Fibroblast,VEGFA,KDR
Dataset_A,Dataset_A_S12,Method_C,Endothelial,Fibroblast,CSF1,CSF1R
Dataset_A,Dataset_A_S12,Method_C,Fibroblast,Tumor,CSF1,CSF1R
Dataset_A,Dataset_A_S12,Method_C,Endothelial,Tcell,TNF,TNFRSF1A
Dataset_A,Dataset_A_S12,Method_C,Endothelial,Myeloid,CSF1,CSF1R
Dataset_A,Dataset_A_S12,Method_C,Tcell,Tumor,PDL1,PDCD1
Dataset_A,Dataset_A_S12,Method_C,Bcell,Fibroblast,TNF,TNFRSF1A
Dataset_A,Dataset_A_S12,Method_C,Tumor,Myeloid,CXCL12,CXCR4
Dataset_A,Dataset_A_S12,Method_C,Tcell,Tumor,IL10,IL10RA
Dataset_A,Dataset_A_S12,Method_C,Endothelial,Tcell,VEGFA,KDR
Dataset_A,Dataset_A_S12,Method_C,Fibroblast,Endothelial,TGFB1,TGFBR2
Dataset_A,Dataset_A_S12,Method_C,Fibroblast,Endothelial,ANGPT1,TEK
Dataset_A,Dataset_A_S12,Method_C,Tumor,Bcell,IFNG,IFNGR1
Dataset_A,Dataset_A_S12,Method_C,Endothelial,Tumor,IL10,IL10RA
Dataset_A,Dataset_A_S12,Method_D,Endothelial,Tcell,IFNG,IFNGR1
Dataset_A,Dataset_A_S12,Method_D,Bcell,Fibroblast,TNF,TNFRSF1A
Dataset_A,Dataset_A_S12,Method_D,Endothelial,Bcell,IFNG,IFNGR1
Dataset_A,Dataset_A_S12,Method_D,Myeloid,Endothelial,TNF,TNFRSF1A
Dataset_A,Dataset_A_S12,Method_D,Myeloid,Tumor,IL10,IL10RA
Dataset_A,Dataset_A_S12,Method_D,Tumor,Myeloid,CXCL12,CXCR4
Dataset_A,Dataset_A_S12,Method_D,Fibroblast,Endothelial,TGFB1,TGFBR2
Dataset_A,Dataset_A_S12,Method_D,Endothelial,Fibroblast,VEGFA,KDR
Dataset_A,Dataset_A_S12,Method_D,Endothelial,Fibroblast,TGFB1,TGFBR2
Dataset_A,Dataset_A_S12,Method_D,Fibroblast,Tumor,CSF1,CSF1R
Dataset_A,Dataset_A_S12,Method_D,Endothelial,Bcell,PDL1,PDCD1
Dataset_A,Dataset_A_S12,Method_D,Tumor,Fibroblast,CCL2,CCR2
Dataset_A,Dataset_A_S12,Method_D,Bcell,Tcell,PDL1,PDCD1
Dataset_A,Dataset_A_S12,Method_D,Myeloid,Fibroblast,CXCL12,CXCR4
Dataset_A,Dataset_A_S12,Method_D,Tumor,Myeloid,CCL2,CCR2
Dataset_A,Dataset_A_S12,Method_D,Fibroblast,Tumor,CXCL12,CXCR4
Dataset_A,Dataset_A_S12,Method_D,Endothelial,Fibroblast,CSF1,CSF1R
Dataset_A,Dataset_A_S12,Method_D,Myeloid,Tcell,IFNG,IFNGR1
Dataset_A,Dataset_A_S12,Method_D,Myeloid,Endothelial,IL10,IL10RA
Dataset_A,Dataset_A_S12,Method_D,Endothelial,Tcell,TNF,TNFRSF1A
Dataset_A,Dataset_A_S12,Method_D,Fibroblast,Bcell,PDL1,PDCD1
Dataset_A,Dataset_A_S12,Method_D,Myeloid,Tcell,PDL1,PDCD1
Dataset_A,Dataset_A_S12,Method_D,Tumor,Fibroblast,IFNG,IFNGR1
Dataset_A,Dataset_A_S12,Method_D,Fibroblast,Endothelial,CSF1,CSF1R
Dataset_A,Dataset_A_S12,Method_D,Bcell,Endothelial,PDL1,PDCD1
Dataset_A,Dataset_A_S12,Method_D,Bcell,Myeloid,IFNG,IFNGR1
Dataset_A,Dataset_A_S12,Method_D,Tcell,Tumor,IL10,IL10RA
Dataset_A,Dataset_A_S12,Method_D,Tumor,Tcell,PDL1,PDCD1
Dataset_A,Dataset_A_S12,Method_D,Tumor,Endothelial,PDL1,PDCD1
Dataset_A,Dataset_A_S12,Method_D,Tcell,Tumor,CCL2,CCR2
Dataset_A,Dataset_A_S12,Method_D,Myeloid,Bcell,VEGFA,KDR
Dataset_A,Dataset_A_S12,Method_D,Tcell,Fibroblast,CXCL12,CXCR4
Dataset_A,Dataset_A_S12,Method_D,Myeloid,Fibroblast,PDL1,PDCD1
Dataset_A,Dataset_A_S12,Method_D,Myeloid,Bcell,IFNG,IFNGR1
Dataset_A,Dataset_A_S12,Method_D,Tumor,Bcell,PDL1,PDCD1
Dataset_A,Dataset_A_S12,Method_D,Tcell,Tumor,PDL1,PDCD1
Dataset_A,Dataset_A_S12,Method_D,Endothelial,Myeloid,VEGFA,KDR
Dataset_A,Dataset_A_S12,Method_D,Myeloid,Tcell,CSF1,CSF1R
Dataset_A,Dataset_A_S12,Method_D,Bcell,Tcell,CXCL12,CXCR4
Dataset_A,Dataset_A_S12,Method_D,Endothelial,Tcell,VEGFA,KDR
Dataset_A,Dataset_A_S12,Method_D,Fibroblast,Tcell,IFNG,IFNGR1
Dataset_A,Dataset_A_S12,Method_D,Endothelial,Myeloid,IFNG,IFNGR1
Dataset_A,Dataset_A_S12,Method_D,Endothelial,Tumor,IL10,IL10RA